A,
AA,
AAA,
AAAU,
AAC,
AAC.U,
AAC.W,
AACG,
AACQ,
AACQU,
AACQW,
AADR,
AAIC,
AAIC$B,
AAIC$C,
AAL,
AAMC,
AAME,
AAN,
AAOI,
AAON,
AAP,
AAPL,
AAQC,
AAQC.U,
AAQC.W,
AAT,
AAU,
AAWW,
AAXJ,
AB,
ABB,
ABBV,
ABC,
ABCB,
ABCL,
ABCM,
ABEO,
ABEQ,
ABEV,
ABG,
ABGI,
ABIO,
ABM,
ABMD,
ABNB,
ABR,
ABR$A,
ABR$B,
ABR$C,
ABST,
ABT,
ABTX,
ABUS,
AC,
ACA,
ACAC,
ACACU,
ACACW,
ACAD,
ACAH,
ACAHU,
ACAHW,
ACB,
ACBA,
ACBAU,
ACBAW,
ACBI,
ACC,
ACCD,
ACCO,
ACEL,
ACER,
ACES,
ACET,
ACEV,
ACEVU,
ACEVW,
ACGL,
ACGLO,
ACGLP,
ACH,
ACHC,
ACHL,
ACHV,
ACI,
ACIC,
ACIC.U,
ACIC.W,
ACII,
ACII.U,
ACII.W,
ACIO,
ACIU,
ACIW,
ACKIT,
ACKIU,
ACKIW,
ACLS,
ACM,
ACMR,
ACN,
ACNB,
ACND,
ACND.U,
ACND.W,
ACOR,
ACP,
ACP$A,
ACP.R,
ACQR,
ACQRU,
ACQRW,
ACR,
ACR$C,
ACR$D,
ACRE,
ACRS,
ACRX,
ACSG,
ACSI,
ACST,
ACTC,
ACTCU,
ACTCW,
ACTD,
ACTDU,
ACTDW,
ACTG,
ACTV,
ACU,
ACV,
ACVA,
ACVF,
ACWF,
ACWI,
ACWV,
ACWX,
ACY,
ADAG,
ADAP,
ADBE,
ADC,
ADCT,
ADER,
ADERU,
ADERW,
ADES,
ADEX,
ADEX.U,
ADEX.W,
ADF,
ADF.U,
ADF.W,
ADFI,
ADI,
ADIL,
ADILW,
ADIV,
ADM,
ADMA,
ADME,
ADMP,
ADMS,
ADN,
ADNT,
ADNWW,
ADOC,
ADOCR,
ADOCW,
ADP,
ADPT,
ADRA,
ADRA.U,
ADRA.W,
ADRE,
ADS,
ADSK,
ADT,
ADTN,
ADTX,
ADUS,
ADV,
ADVM,
ADVWW,
ADX,
ADXN,
ADXS,
AE,
AEAC,
AEACU,
AEACW,
AEB,
AEE,
AEF,
AEFC,
AEG,
AEHL,
AEHR,
AEI,
AEIS,
AEL,
AEL$A,
AEL$B,
AEM,
AEMD,
AENZ,
AEO,
AEP,
AEPPL,
AEPPZ,
AER,
AERI,
AES,
AESC,
AESE,
AESR,
AEVA,
AEVA.W,
AEY,
AEYE,
AEZS,
AFAQ,
AFAQU,
AFAQW,
AFB,
AFBI,
AFCG,
AFG,
AFGB,
AFGC,
AFGD,
AFGE,
AFI,
AFIB,
AFIF,
AFIN,
AFINO,
AFINP,
AFK,
AFL,
AFLG,
AFMC,
AFMD,
AFRM,
AFSM,
AFT,
AFTY,
AFYA,
AG,
AGAC,
AGAC.U,
AGAC.W,
AGBA,
AGBAR,
AGBAU,
AGBAW,
AGC,
AGCB,
AGCO,
AGCUU,
AGCWW,
AGD,
AGE,
AGEN,
AGFS,
AGFY,
AGG,
AGGR,
AGGRU,
AGGRW,
AGGY,
AGI,
AGIO,
AGL,
AGLE,
AGM,
AGM$C,
AGM$D,
AGM$E,
AGM$F,
AGM.A,
AGMH,
AGNC,
AGNCM,
AGNCN,
AGNCO,
AGNCP,
AGNG,
AGO,
AGO$B,
AGO$E,
AGO$F,
AGOX,
AGQ,
AGR,
AGRO,
AGRX,
AGS,
AGT,
AGTC,
AGTI,
AGX,
AGYS,
AGZ,
AGZD,
AHAC,
AHACU,
AHACW,
AHC,
AHCO,
AHH,
AHH$A,
AHL$C,
AHL$D,
AHL$E,
AHPI,
AHT,
AHT$D,
AHT$F,
AHT$G,
AHT$H,
AHT$I,
AI,
AIA,
AIC,
AIEQ,
AIF,
AIG,
AIG$A,
AIH,
AIHS,
AIIQ,
AIKI,
AIM,
AIMC,
AIN,
AINC,
AINV,
AIO,
AIQ,
AIR,
AIRC,
AIRG,
AIRI,
AIRR,
AIRT,
AIRTP,
AIRTW,
AIT,
AIV,
AIW,
AIZ,
AIZN,
AJAX,
AJAX.U,
AJAX.W,
AJG,
AJRD,
AJX,
AJXA,
AKAM,
AKBA,
AKIC,
AKICU,
AKICW,
AKO.A,
AKO.B,
AKR,
AKRO,
AKTS,
AKTX,
AKU,
AKUS,
AKYA,
AL,
AL$A,
ALAC,
ALACR,
ALACU,
ALACW,
ALB,
ALBO,
ALC,
ALCO,
ALDX,
ALE,
ALEC,
ALEX,
ALF,
ALFA,
ALFIW,
ALG,
ALGM,
ALGN,
ALGS,
ALGT,
ALHC,
ALIM,
ALIN$A,
ALIN$B,
ALIN$E,
ALJJ,
ALK,
ALKS,
ALKT,
ALL,
ALL$B,
ALL$G,
ALL$H,
ALL$I,
ALLE,
ALLK,
ALLO,
ALLT,
ALLY,
ALLY$A,
ALNA,
ALNY,
ALOT,
ALP$Q,
ALPN,
ALRM,
ALRN,
ALRS,
ALSK,
ALSN,
ALT,
ALTA,
ALTG,
ALTG$A,
ALTL,
ALTM,
ALTO,
ALTR,
ALTS,
ALTU,
ALTUU,
ALTUW,
ALTY,
ALUS,
ALUS.U,
ALUS.W,
ALV,
ALVR,
ALX,
ALXN,
ALXO,
ALYA,
AM,
AMAL,
AMAO,
AMAOU,
AMAOW,
AMAT,
AMBA,
AMBC,
AMBC.W,
AMBO,
AMC,
AMCA,
AMCR,
AMCX,
AMD,
AME,
AMED,
AMEH,
AMER,
AMG,
AMGN,
AMH,
AMH$D,
AMH$E,
AMH$F,
AMH$G,
AMH$H,
AMHC,
AMHCU,
AMHCW,
AMJ,
AMK,
AMKR,
AMLP,
AMN,
AMNA,
AMNB,
AMND,
AMOM,
AMOT,
AMOV,
AMP,
AMPE,
AMPG,
AMPGW,
AMPH,
AMPI,
AMPI.U,
AMPI.W,
AMPY,
AMR,
AMRB,
AMRC,
AMRK,
AMRN,
AMRS,
AMRX,
AMS,
AMSC,
AMSF,
AMST,
AMSWA,
AMT,
AMTB,
AMTBB,
AMTI,
AMTR,
AMTX,
AMUB,
AMWD,
AMWL,
AMX,
AMYT,
AMZA,
AMZN,
AN,
ANAB,
ANAC,
ANAC.U,
ANAC.W,
ANAT,
ANDA,
ANDAR,
ANDAU,
ANDAW,
ANDE,
ANEB,
ANET,
ANEW,
ANF,
ANGI,
ANGL,
ANGN,
ANGO,
ANIK,
ANIP,
ANIX,
ANNX,
ANPC,
ANSS,
ANTE,
ANTM,
ANVS,
ANY,
ANZU,
ANZUU,
ANZUW,
AOA,
AOD,
AOK,
AOM,
AON,
AONE,
AONE.U,
AONE.W,
AOR,
AOS,
AOSL,
AOUT,
AP,
AP.W,
APA,
APAM,
APD,
APDN,
APEI,
APEN,
APG,
APGB,
APGB.U,
APGB.W,
APH,
API,
APLE,
APLS,
APLT,
APM,
APO,
APO$A,
APO$B,
APOG,
APOP,
APOPW,
APP,
APPF,
APPH,
APPHW,
APPN,
APPS,
APR,
APRE,
APRN,
APRZ,
APSG,
APSG.U,
APSG.W,
APT,
APTO,
APTS,
APTV,
APTV$A,
APTX,
APVO,
APWC,
APXT,
APXTU,
APXTW,
APYX,
AQB,
AQMS,
AQN,
AQNA,
AQNB,
AQST,
AQUA,
AQWA,
AR,
ARAV,
ARAY,
ARB,
ARBG,
ARBGU,
ARBGW,
ARC,
ARCB,
ARCC,
ARCE,
ARCH,
ARCM,
ARCO,
ARCT,
ARD,
ARDC,
ARDS,
ARDX,
ARE,
AREC,
ARES,
ARES$A,
ARGD,
ARGO,
ARGO$A,
ARGT,
ARGX,
ARI,
ARKF,
ARKG,
ARKK,
ARKO,
ARKOW,
ARKQ,
ARKR,
ARKW,
ARKX,
ARL,
ARLO,
ARLP,
ARMK,
ARMP,
ARMR,
ARNA,
ARNC,
AROC,
AROW,
ARPO,
ARQT,
ARR,
ARR$C,
ARRW,
ARRWU,
ARRWW,
ARRY,
ARTAU,
ARTL,
ARTLW,
ARTNA,
ARTW,
ARVL,
ARVLW,
ARVN,
ARW,
ARWR,
ARYA,
ARYD,
ASA,
ASAI,
ASAN,
ASAQ,
ASAQ.U,
ASAQ.W,
ASAX,
ASAXU,
ASAXW,
ASB,
ASB$C,
ASB$D,
ASB$E,
ASB$F,
ASC,
ASEA,
ASET,
ASG,
ASGI,
ASGN,
ASH,
ASHR,
ASHS,
ASHX,
ASIX,
ASLE,
ASLEW,
ASLN,
ASM,
ASMB,
ASML,
ASND,
ASO,
ASPC,
ASPCU,
ASPCW,
ASPL,
ASPL.U,
ASPL.W,
ASPN,
ASPS,
ASPU,
ASPY,
ASR,
ASRT,
ASRV,
ASRVP,
ASTC,
ASTE,
ASTS,
ASTSW,
ASUR,
ASX,
ASXC,
ASYS,
ASZ,
ASZ.U,
ASZ.W,
ATA,
ATA.U,
ATA.W,
ATAQ,
ATAQ.U,
ATAQ.W,
ATAX,
ATC,
ATCO,
ATCO$D,
ATCO$E,
ATCO$G,
ATCO$H,
ATCO$I,
ATCOL,
ATCX,
ATEC,
ATEN,
ATER,
ATEST,
ATEST.A,
ATEST.B,
ATEST.C,
ATEX,
ATFV,
ATGE,
ATH,
ATH$A,
ATH$B,
ATH$C,
ATH$D,
ATHA,
ATHE,
ATHM,
ATHN,
ATHN.U,
ATHN.W,
ATHX,
ATI,
ATIF,
ATKR,
ATLC,
ATLO,
ATMP,
ATMR,
ATMR.U,
ATMR.W,
ATNF,
ATNFW,
ATNI,
ATNM,
ATNX,
ATO,
ATOM,
ATOS,
ATR,
ATRA,
ATRC,
ATRI,
ATRO,
ATRS,
ATSG,
ATSPT,
ATSPU,
ATSPW,
ATTO,
ATUS,
ATVC,
ATVCU,
ATVCW,
ATVI,
ATXI,
AU,
AUB,
AUBAP,
AUBN,
AUD,
AUDC,
AUGZ,
AUMN,
AUPH,
AURC,
AURCU,
AURCW,
AUS,
AUS.U,
AUS.W,
AUSF,
AUTL,
AUTO,
AUUD,
AUUDW,
AUVI,
AUY,
AVA,
AVAH,
AVAL,
AVAN,
AVAN.U,
AVAN.W,
AVAV,
AVB,
AVCO,
AVCT,
AVCTW,
AVD,
AVDE,
AVDG,
AVDL,
AVDR,
AVDV,
AVEM,
AVEO,
AVGO,
AVGOP,
AVGR,
AVID,
AVIG,
AVIR,
AVK,
AVLR,
AVMU,
AVNS,
AVNT,
AVNW,
AVO,
AVRO,
AVSF,
AVT,
AVTR,
AVTR$A,
AVUS,
AVUV,
AVXL,
AVY,
AVYA,
AWAY,
AWF,
AWH,
AWI,
AWK,
AWP,
AWR,
AWRE,
AWTM,
AWX,
AX,
AXAS,
AXDX,
AXGN,
AXL,
AXLA,
AXNX,
AXON,
AXP,
AXR,
AXS,
AXS$E,
AXSM,
AXTA,
AXTI,
AXU,
AY,
AYI,
AYLA,
AYRO,
AYTU,
AYX,
AZAA,
AZAJ,
AZAL,
AZAO,
AZBA,
AZBJ,
AZBL,
AZBO,
AZEK,
AZN,
AZO,
AZPN,
AZRE,
AZRX,
AZUL,
AZYO,
AZZ,
B,
BA,
BAB,
BABA,
BAC,
BAC$B,
BAC$E,
BAC$K,
BAC$L,
BAC$M,
BAC$N,
BAC$O,
BAC$P,
BAH,
BAK,
BAL,
BALY,
BAM,
BAMH,
BAMI,
BANC,
BANC$E,
BAND,
BANF,
BANFP,
BANR,
BANX,
BAOS,
BAP,
BAPR,
BAR,
BARK,
BARK.W,
BATL,
BATRA,
BATRK,
BATT,
BAUG,
BAX,
BB,
BBAR,
BBAX,
BBBY,
BBC,
BBCA,
BBCP,
BBD,
BBDC,
BBDO,
BBEU,
BBGI,
BBH,
BBI,
BBIG,
BBIN,
BBIO,
BBJP,
BBL,
BBMC,
BBN,
BBP,
BBQ,
BBRE,
BBSA,
BBSC,
BBSI,
BBU,
BBUS,
BBVA,
BBW,
BBY,
BC,
BC$A,
BC$B,
BC$C,
BCAB,
BCAC,
BCACU,
BCACW,
BCAT,
BCBP,
BCC,
BCD,
BCDA,
BCDAW,
BCE,
BCEI,
BCEL,
BCH,
BCI,
BCLI,
BCM,
BCML,
BCO,
BCOR,
BCOV,
BCOW,
BCPC,
BCRX,
BCS,
BCSF,
BCTG,
BCTX,
BCTXW,
BCV,
BCV$A,
BCX,
BCYC,
BCYP,
BCYPU,
BCYPW,
BDC,
BDCX,
BDCZ,
BDEC,
BDJ,
BDL,
BDN,
BDR,
BDRY,
BDSI,
BDSX,
BDTX,
BDX,
BDXB,
BE,
BEAM,
BECN,
BEDU,
BEDZ,
BEEM,
BEEMW,
BEKE,
BELFA,
BELFB,
BEN,
BENE,
BENER,
BENEU,
BENEW,
BEP,
BEP$A,
BEPC,
BEPH,
BERY,
BEST,
BETZ,
BF.A,
BF.B,
BFAM,
BFC,
BFEB,
BFI,
BFIIW,
BFIN,
BFIT,
BFK,
BFLY,
BFLY.W,
BFOR,
BFRA,
BFS,
BFS$D,
BFS$E,
BFST,
BFTR,
BFZ,
BG,
BGB,
BGCP,
BGFV,
BGH,
BGI,
BGIO,
BGLD,
BGNE,
BGR,
BGRN,
BGS,
BGSF,
BGSX,
BGSX.U,
BGSX.W,
BGT,
BGX,
BGY,
BH,
BH.A,
BHAT,
BHB,
BHC,
BHE,
BHF,
BHFAL,
BHFAN,
BHFAO,
BHFAP,
BHK,
BHLB,
BHP,
BHR,
BHR$B,
BHR$D,
BHSE,
BHSEU,
BHSEW,
BHTG,
BHV,
BHVN,
BIB,
BIBL,
BICK,
BIDU,
BIF,
BIG,
BIGC,
BIGZ,
BIIB,
BIL,
BILI,
BILL,
BILS,
BIMI,
BIO,
BIO.B,
BIOC,
BIOL,
BIOT,
BIOTU,
BIOTW,
BIOX,
BIP,
BIP$A,
BIP$B,
BIPC,
BIPH,
BIS,
BIT,
BITE,
BITE.U,
BITE.W,
BITQ,
BIV,
BIVI,
BIZD,
BJ,
BJAN,
BJK,
BJRI,
BJUL,
BJUN,
BK,
BKAG,
BKCC,
BKD,
BKE,
BKEM,
BKEP,
BKEPP,
BKF,
BKH,
BKHY,
BKI,
BKIE,
BKLC,
BKLN,
BKMC,
BKN,
BKNG,
BKR,
BKSB,
BKSC,
BKSE,
BKT,
BKTI,
BKU,
BKYI,
BL,
BLBD,
BLCM,
BLCN,
BLCT,
BLD,
BLDE,
BLDEW,
BLDG,
BLDP,
BLDR,
BLE,
BLES,
BLFS,
BLHY,
BLI,
BLIN,
BLK,
BLKB,
BLL,
BLMN,
BLNK,
BLNKW,
BLOK,
BLPH,
BLRX,
BLSA,
BLTS,
BLTSU,
BLTSW,
BLU,
BLUA,
BLUA.U,
BLUA.W,
BLUE,
BLUW,
BLUWU,
BLUWW,
BLV,
BLW,
BLX,
BMA,
BMAR,
BMAY,
BMBL,
BME,
BMEA,
BMED,
BMEZ,
BMI,
BML$G,
BML$H,
BML$J,
BML$L,
BMO,
BMRA,
BMRC,
BMRN,
BMTC,
BMTX,
BMTX.W,
BMY,
BND,
BNDC,
BNDW,
BNDX,
BNE,
BNED,
BNFT,
BNGO,
BNGOW,
BNKD,
BNKU,
BNL,
BNO,
BNOV,
BNR,
BNS,
BNSO,
BNTC,
BNTX,
BNY,
BOAC,
BOAC.U,
BOAC.W,
BOAS,
BOAS.U,
BOAS.W,
BOB,
BOCH,
BOCT,
BOE,
BOH,
BOIL,
BOKF,
BOKFL,
BOLT,
BOMN,
BOND,
BOOM,
BOOT,
BORR,
BOSC,
BOSS,
BOTJ,
BOTZ,
BOUT,
BOWX,
BOWXU,
BOWXW,
BOX,
BOXL,
BP,
BPFH,
BPMC,
BPMP,
BPOP,
BPOPM,
BPOPN,
BPRN,
BPT,
BPTH,
BPTS,
BPY,
BPYPN,
BPYPO,
BPYPP,
BPYU,
BPYUP,
BQ,
BR,
BRBR,
BRBS,
BRC,
BRCN,
BREZ,
BREZR,
BREZW,
BRF,
BRFS,
BRG,
BRG$C,
BRG$D,
BRID,
BRIVU,
BRK.A,
BRK.B,
BRKL,
BRKR,
BRKS,
BRLI,
BRLIR,
BRLIU,
BRLIW,
BRMK,
BRMK.W,
BRN,
BRO,
BROG,
BROGW,
BRP,
BRPM,
BRPMU,
BRPMW,
BRQS,
BRT,
BRX,
BRY,
BRZU,
BSA,
BSAC,
BSAE,
BSBE,
BSBK,
BSBR,
BSCE,
BSCL,
BSCM,
BSCN,
BSCO,
BSCP,
BSCQ,
BSCR,
BSCS,
BSCT,
BSCU,
BSDE,
BSEP,
BSET,
BSGM,
BSIG,
BSJL,
BSJM,
BSJN,
BSJO,
BSJP,
BSJQ,
BSJR,
BSJS,
BSKYU,
BSL,
BSM,
BSML,
BSMM,
BSMN,
BSMO,
BSMP,
BSMQ,
BSMR,
BSMS,
BSMT,
BSMU,
BSMX,
BSN,
BSN.U,
BSN.W,
BSPE,
BSQR,
BSRR,
BST,
BSTZ,
BSV,
BSVN,
BSX,
BSX$A,
BSY,
BTA,
BTAI,
BTAL,
BTAQ,
BTAQU,
BTAQW,
BTBT,
BTCM,
BTEC,
BTEK,
BTG,
BTI,
BTN,
BTNB,
BTO,
BTRS,
BTRSW,
BTT,
BTU,
BTWN,
BTWNU,
BTWNW,
BTX,
BTZ,
BUD,
BUFD,
BUFF,
BUFR,
BUG,
BUI,
BUL,
BUR,
BURL,
BUSE,
BUYZ,
BUZZ,
BV,
BVH,
BVN,
BVS,
BVXV,
BW,
BW$A,
BWA,
BWAC,
BWACU,
BWACW,
BWAY,
BWB,
BWEN,
BWFG,
BWG,
BWL.A,
BWMN,
BWMX,
BWSN,
BWX,
BWXT,
BWZ,
BX,
BXC,
BXMT,
BXMX,
BXP,
BXRX,
BXS,
BXS$A,
BY,
BYD,
BYFC,
BYLD,
BYM,
BYND,
BYRN,
BYSI,
BYTS,
BYTSU,
BYTSW,
BZH,
BZQ,
BZUN,
C,
C$J,
C$K,
C$N,
CAAP,
CAAS,
CABA,
CABO,
CAC,
CACC,
CACG,
CACI,
CADE,
CAE,
CAF,
CAG,
CAH,
CAHC,
CAHCU,
CAHCW,
CAI,
CAI$A,
CAI$B,
CAJ,
CAKE,
CAL,
CALA,
CALB,
CALF,
CALM,
CALT,
CALX,
CAMP,
CAMT,
CAN,
CANE,
CANF,
CANG,
CAP,
CAP.U,
CAP.W,
CAPA,
CAPAU,
CAPAW,
CAPE,
CAPL,
CAPR,
CAR,
CARA,
CARE,
CARG,
CARR,
CARS,
CARV,
CARZ,
CAS,
CAS.U,
CAS.W,
CASA,
CASH,
CASI,
CASS,
CASY,
CAT,
CATB,
CATC,
CATH,
CATM,
CATO,
CATY,
CB,
CBAH,
CBAH.U,
CBAH.W,
CBAN,
CBAT,
CBAY,
CBB,
CBB$B,
CBD,
CBFV,
CBH,
CBIO,
CBLI,
CBLS,
CBMB,
CBNK,
CBO,
CBOE,
CBON,
CBRE,
CBRL,
CBSE,
CBSH,
CBT,
CBTG,
CBTX,
CBU,
CBX,
CBZ,
CC,
CCAC,
CCAC.U,
CCAC.W,
CCAP,
CCB,
CCBG,
CCCC,
CCD,
CCEP,
CCF,
CCI,
CCIV,
CCIV.U,
CCIV.W,
CCJ,
CCK,
CCL,
CCLP,
CCM,
CCMP,
CCNC,
CCNE,
CCNEP,
CCO,
CCOI,
CCON,
CCOR,
CCRC,
CCRN,
CCRV,
CCS,
CCU,
CCV,
CCV.U,
CCV.W,
CCVI,
CCVI.U,
CCVI.W,
CCX,
CCX.U,
CCX.W,
CCXI,
CCZ,
CD,
CDAK,
CDAY,
CDC,
CDE,
CDEV,
CDK,
CDL,
CDLX,
CDMO,
CDNA,
CDNS,
CDOR,
CDR,
CDR$B,
CDR$C,
CDTX,
CDW,
CDXC,
CDXS,
CDZI,
CE,
CEA,
CECE,
CEE,
CEF,
CEFA,
CEFD,
CEFS,
CEI,
CEIX,
CELC,
CELG.R,
CELH,
CELP,
CEM,
CEMB,
CEMI,
CEN,
CENH,
CENHU,
CENHW,
CENT,
CENTA,
CENX,
CEPU,
CEQP,
CEQP$,
CERC,
CERE,
CEREW,
CERN,
CERS,
CERT,
CET,
CETX,
CETXP,
CETXW,
CEV,
CEVA,
CEW,
CEY,
CF,
CFA,
CFAC,
CFACU,
CFACW,
CFB,
CFBK,
CFCV,
CFFE,
CFFEU,
CFFEW,
CFFI,
CFFN,
CFFVU,
CFFVW,
CFG,
CFG$D,
CFG$E,
CFIV,
CFIVU,
CFIVW,
CFMS,
CFO,
CFR,
CFR$B,
CFRX,
CFV,
CFVI,
CFVIU,
CFVIW,
CFX,
CFXA,
CG,
CGA,
CGABL,
CGAU,
CGBD,
CGC,
CGEM,
CGEN,
CGNT,
CGNX,
CGO,
CGRN,
CGW,
CHAA,
CHAA.U,
CHAA.W,
CHAD,
CHAQ,
CHAQ.U,
CHAQ.W,
CHAU,
CHB,
CHCI,
CHCO,
CHCT,
CHD,
CHDN,
CHE,
CHEF,
CHEK,
CHEKZ,
CHFW,
CHFW.U,
CHFW.W,
CHGG,
CHGX,
CHH,
CHI,
CHIC,
CHIE,
CHIH,
CHII,
CHIK,
CHIL,
CHIM,
CHIQ,
CHIR,
CHIS,
CHIU,
CHIX,
CHK,
CHKEL,
CHKEW,
CHKEZ,
CHKP,
CHMA,
CHMG,
CHMI,
CHMI$A,
CHMI$B,
CHN,
CHNA,
CHNG,
CHNGU,
CHNR,
CHPM,
CHPMU,
CHPMW,
CHPT,
CHPT.W,
CHRA,
CHRS,
CHRW,
CHS,
CHSCL,
CHSCM,
CHSCN,
CHSCO,
CHSCP,
CHT,
CHTR,
CHUY,
CHW,
CHWY,
CHX,
CHY,
CI,
CIA,
CIB,
CIBR,
CID,
CIDM,
CIEN,
CIF,
CIG,
CIG.C,
CIGI,
CIH,
CII,
CIK,
CIL,
CIM,
CIM$A,
CIM$B,
CIM$C,
CIM$D,
CINF,
CINR,
CIO,
CIO$A,
CIR,
CIT,
CIT$B,
CIVB,
CIX,
CIXX,
CIZ,
CIZN,
CJJD,
CKPT,
CKX,
CL,
CLAA,
CLAA.U,
CLAA.W,
CLAR,
CLAS,
CLAS.U,
CLAS.W,
CLB,
CLBK,
CLBS,
CLDB,
CLDL,
CLDR,
CLDS,
CLDT,
CLDX,
CLEU,
CLF,
CLFD,
CLGN,
CLGX,
CLH,
CLI,
CLII,
CLII.U,
CLII.W,
CLIM,
CLIM.U,
CLIM.W,
CLIR,
CLIX,
CLLS,
CLM,
CLMT,
CLNC,
CLNE,
CLNN,
CLNNW,
CLNY,
CLNY$G,
CLNY$H,
CLNY$I,
CLNY$J,
CLOU,
CLOV,
CLOVW,
CLPR,
CLPS,
CLPT,
CLR,
CLRB,
CLRG,
CLRM,
CLRMU,
CLRMW,
CLRO,
CLS,
CLSD,
CLSK,
CLSN,
CLTL,
CLVR,
CLVRW,
CLVS,
CLVT,
CLW,
CLWT,
CLX,
CLXT,
CM,
CMA,
CMBM,
CMBS,
CMC,
CMCL,
CMCM,
CMCO,
CMCSA,
CMCT,
CMCTP,
CMDY,
CME,
CMF,
CMG,
CMI,
CMII,
CMIIU,
CMIIW,
CMLF,
CMLFU,
CMLFW,
CMLS,
CMLT,
CMLTU,
CMLTW,
CMMB,
CMO,
CMO$E,
CMP,
CMPI,
CMPR,
CMPS,
CMRE,
CMRE$B,
CMRE$C,
CMRE$D,
CMRE$E,
CMRX,
CMS,
CMS$B,
CMSA,
CMSC,
CMSD,
CMT,
CMTL,
CMU,
CN,
CNA,
CNBKA,
CNBS,
CNC,
CNCE,
CNCR,
CND,
CND.U,
CND.W,
CNDT,
CNET,
CNEY,
CNF,
CNFR,
CNFRL,
CNHI,
CNI,
CNK,
CNMD,
CNNB,
CNNE,
CNO,
CNO$A,
CNOB,
CNP,
CNP$B,
CNQ,
CNR,
CNRG,
CNS,
CNSL,
CNSP,
CNST,
CNTA,
CNTB,
CNTG,
CNTY,
CNX,
CNXC,
CNXN,
CNXT,
CNYA,
CO,
COCP,
CODA,
CODI,
CODI$A,
CODI$B,
CODI$C,
CODX,
COE,
COF,
COF$G,
COF$H,
COF$I,
COF$J,
COF$K,
COF$L,
COFS,
COG,
COGT,
COHN,
COHR,
COHU,
COIN,
COKE,
COLB,
COLD,
COLI,
COLIU,
COLIW,
COLL,
COLM,
COM,
COMB,
COMM,
COMP,
COMS,
COMSW,
COMT,
CONE,
CONN,
CONX,
CONXU,
CONXW,
COO,
COOL,
COOLU,
COOLW,
COOP,
COP,
COPX,
COR,
CORE,
CORN,
CORP,
CORR,
CORR$A,
CORT,
COST,
COTY,
COUP,
COUR,
COVA,
COVAU,
COVAW,
COW,
COWN,
COWNL,
COWZ,
CP,
CPA,
CPAC,
CPARU,
CPB,
CPE,
CPER,
CPF,
CPG,
CPHC,
CPHI,
CPI,
CPIX,
CPK,
CPLG,
CPLP,
CPNG,
CPRI,
CPRT,
CPRX,
CPS,
CPSH,
CPSI,
CPSR,
CPSR.U,
CPSR.W,
CPSS,
CPT,
CPTA,
CPTAG,
CPTAL,
CPTK,
CPTK.U,
CPTK.W,
CPUH,
CPUH.U,
CPUH.W,
CPZ,
CQP,
CQQQ,
CR,
CRAI,
CRAK,
CRBN,
CRBP,
CRC,
CRCT,
CRD.A,
CRD.B,
CRDF,
CREE,
CREG,
CRESY,
CREX,
CREXW,
CRF,
CRH,
CRHC,
CRHC.U,
CRHC.W,
CRI,
CRIS,
CRK,
CRKN,
CRL,
CRM,
CRMD,
CRMT,
CRNC,
CRNT,
CRNX,
CROC,
CRON,
CROX,
CRS,
CRSA,
CRSAU,
CRSAW,
CRSP,
CRSR,
CRT,
CRTD,
CRTDW,
CRTO,
CRTX,
CRU,
CRU.U,
CRU.W,
CRUS,
CRVL,
CRVS,
CRWD,
CRWS,
CRY,
CRZN,
CRZNU,
CRZNW,
CS,
CSA,
CSAN,
CSB,
CSBR,
CSCO,
CSCW,
CSD,
CSF,
CSGP,
CSGS,
CSII,
CSIQ,
CSL,
CSLT,
CSM,
CSML,
CSOD,
CSPI,
CSPR,
CSQ,
CSR,
CSR$C,
CSSE,
CSSEN,
CSSEP,
CSTA,
CSTA.U,
CSTA.W,
CSTE,
CSTL,
CSTM,
CSTR,
CSU,
CSV,
CSWC,
CSWI,
CSX,
CTA$A,
CTA$B,
CTAC,
CTAC.U,
CTAC.W,
CTAQ,
CTAQU,
CTAQW,
CTAS,
CTB,
CTBB,
CTBI,
CTDD,
CTEC,
CTEK,
CTEST,
CTEST.E,
CTEST.G,
CTEST.L,
CTEST.O,
CTEST.S,
CTEST.V,
CTG,
CTHR,
CTIB,
CTIC,
CTK,
CTLP,
CTLT,
CTMX,
CTO,
CTOS,
CTOS.W,
CTR,
CTRE,
CTRM,
CTRN,
CTS,
CTSH,
CTSO,
CTT,
CTVA,
CTXR,
CTXRW,
CTXS,
CUBA,
CUBB,
CUBE,
CUBI,
CUBI$C,
CUBI$D,
CUBI$E,
CUBI$F,
CUE,
CUEN,
CUENW,
CUK,
CULP,
CURE,
CURI,
CURIW,
CURO,
CUT,
CUTR,
CUZ,
CVA,
CVAC,
CVBF,
CVCO,
CVCY,
CVE,
CVE.W,
CVEO,
CVET,
CVGI,
CVGW,
CVI,
CVII,
CVII.U,
CVII.W,
CVLG,
CVLT,
CVLY,
CVM,
CVNA,
CVR,
CVS,
CVU,
CVV,
CVX,
CVY,
CW,
CWB,
CWBC,
CWBR,
CWCO,
CWEB,
CWEN,
CWEN.A,
CWH,
CWI,
CWK,
CWS,
CWST,
CWT,
CX,
CXDC,
CXDO,
CXE,
CXH,
CXP,
CXSE,
CXW,
CYAD,
CYAN,
CYB,
CYBE,
CYBR,
CYCC,
CYCCP,
CYCN,
CYD,
CYH,
CYRN,
CYRX,
CYTH,
CYTHW,
CYTK,
CZA,
CZNC,
CZR,
CZWI,
D,
DAC,
DADA,
DAIO,
DAKT,
DAL,
DALI,
DALT,
DAN,
DAO,
DAPP,
DAPR,
DAR,
DARE,
DASH,
DAUG,
DAVA,
DAWN,
DAX,
DB,
DBA,
DBAW,
DBB,
DBC,
DBD,
DBDR,
DBDRU,
DBDRW,
DBE,
DBEF,
DBEH,
DBEM,
DBEU,
DBEZ,
DBGI,
DBGIW,
DBGR,
DBI,
DBJA,
DBJP,
DBL,
DBLV,
DBMF,
DBO,
DBOC,
DBP,
DBS,
DBTX,
DBV,
DBVT,
DBX,
DCBO,
DCF,
DCI,
DCO,
DCOM,
DCOMP,
DCP,
DCP$B,
DCP$C,
DCPH,
DCRB,
DCRBU,
DCRBW,
DCRC,
DCRCU,
DCRCW,
DCRN,
DCRNU,
DCRNW,
DCT,
DCTH,
DCUE,
DD,
DDD,
DDEC,
DDF,
DDG,
DDIV,
DDLS,
DDM,
DDMX,
DDMXU,
DDMXW,
DDOG,
DDS,
DDT,
DDWM,
DE,
DEA,
DECK,
DECZ,
DEED,
DEEF,
DEEP,
DEF,
DEFA,
DEFN,
DEH,
DEH.U,
DEH.W,
DEI,
DELL,
DEM,
DEMZ,
DEN,
DENN,
DEO,
DES,
DESP,
DEUS,
DEW,
DEX,
DFAE,
DFAI,
DFAU,
DFE,
DFEB,
DFEN,
DFFN,
DFH,
DFHT,
DFHTU,
DFHTW,
DFHY,
DFIN,
DFJ,
DFND,
DFNL,
DFNS,
DFNS.U,
DFNS.W,
DFNV,
DFP,
DFPH,
DFPHU,
DFPHW,
DFS,
DFVL,
DFVS,
DG,
DGICA,
DGICB,
DGII,
DGL,
DGLY,
DGNR,
DGNR.U,
DGNR.W,
DGNS,
DGNU,
DGP,
DGRE,
DGRO,
DGRS,
DGRW,
DGS,
DGT,
DGX,
DGZ,
DHBC,
DHBCU,
DHBCW,
DHC,
DHCA,
DHCAU,
DHCAW,
DHCNI,
DHCNL,
DHF,
DHHC,
DHHCU,
DHHCW,
DHI,
DHIL,
DHR,
DHR$A,
DHR$B,
DHS,
DHT,
DHX,
DHY,
DIA,
DIAL,
DIAX,
DIG,
DIM,
DIN,
DINT,
DIOD,
DIS,
DISA,
DISAU,
DISAW,
DISCA,
DISCB,
DISCK,
DISH,
DIT,
DIV,
DIVA,
DIVB,
DIVO,
DIVS,
DIVZ,
DJAN,
DJCB,
DJCO,
DJD,
DJP,
DJUL,
DJUN,
DK,
DKDCU,
DKL,
DKNG,
DKS,
DLA,
DLB,
DLCA,
DLCAU,
DLCAW,
DLHC,
DLN,
DLNG,
DLNG$A,
DLNG$B,
DLPN,
DLR,
DLR$J,
DLR$K,
DLR$L,
DLS,
DLTH,
DLTR,
DLX,
DLY,
DM,
DMAC,
DMAR,
DMAY,
DMB,
DMCY,
DMDV,
DMF,
DMLP,
DMO,
DMRC,
DMRE,
DMRI,
DMRL,
DMRM,
DMRS,
DMS,
DMS.W,
DMTK,
DMXF,
DMYI,
DMYI.U,
DMYI.W,
DMYQ,
DMYQ.U,
DMYQ.W,
DNB,
DNL,
DNLI,
DNMR,
DNMR.W,
DNN,
DNOV,
DNOW,
DNP,
DNZ,
DNZ.U,
DNZ.W,
DOC,
DOCN,
DOCT,
DOCU,
DOG,
DOGZ,
DOL,
DOMO,
DON,
DOO,
DOOO,
DOOR,
DORM,
DOV,
DOW,
DOX,
DOYU,
DPG,
DPST,
DPW,
DPZ,
DQ,
DRD,
DRE,
DRH,
DRH$A,
DRI,
DRIO,
DRIP,
DRIV,
DRN,
DRNA,
DRQ,
DRRX,
DRSK,
DRTT,
DRUA,
DRV,
DRVN,
DRW,
DS,
DS$B,
DS$C,
DS$D,
DSAC,
DSACU,
DSACW,
DSE,
DSEP,
DSEY,
DSGN,
DSGX,
DSI,
DSJA,
DSKE,
DSKEW,
DSL,
DSM,
DSOC,
DSP,
DSPC,
DSPG,
DSS,
DSSI,
DSTL,
DSTX,
DSU,
DSWL,
DSX,
DSX$B,
DT,
DTB,
DTD,
DTE,
DTEA,
DTEC,
DTF,
DTH,
DTIL,
DTJ,
DTLA$,
DTN,
DTOC,
DTOCU,
DTOCW,
DTP,
DTSS,
DTST,
DTSTW,
DTW,
DTY,
DUDE,
DUG,
DUK,
DUK$A,
DUKB,
DUKH,
DUNE,
DUNEU,
DUNEW,
DUO,
DUOT,
DURA,
DUSA,
DUSL,
DUST,
DV,
DVA,
DVAX,
DVD,
DVLU,
DVN,
DVOL,
DVY,
DVYA,
DVYE,
DWAS,
DWAT,
DWAW,
DWCR,
DWEQ,
DWIN,
DWIN.U,
DWIN.W,
DWLD,
DWM,
DWMC,
DWMF,
DWPP,
DWSH,
DWSN,
DWUS,
DWX,
DX,
DX$C,
DXC,
DXCM,
DXD,
DXF,
DXGE,
DXJ,
DXJS,
DXPE,
DXR,
DXYN,
DY,
DYAI,
DYFN,
DYHG,
DYN,
DYNF,
DYNS,
DYNT,
DZSI,
DZZ,
E,
EA,
EAC,
EACPU,
EACPW,
EAD,
EAF,
EAGG,
EAI,
EAOA,
EAOK,
EAOM,
EAOR,
EAPR,
EAR,
EARN,
EARS,
EASG,
EAST,
EAT,
EATZ,
EB,
EBAC,
EBACU,
EBACW,
EBAY,
EBC,
EBET,
EBF,
EBIX,
EBIZ,
EBLU,
EBMT,
EBND,
EBON,
EBR,
EBR.B,
EBS,
EBSB,
EBTC,
EC,
ECC,
ECCB,
ECCW,
ECCX,
ECCY,
ECF,
ECF$A,
ECH,
ECHO,
ECL,
ECLN,
ECNS,
ECOL,
ECOLW,
ECOM,
ECON,
ECOR,
ECOW,
ECOZ,
ECPG,
ED,
EDAP,
EDC,
EDD,
EDEN,
EDF,
EDI,
EDIT,
EDIV,
EDN,
EDOC,
EDOG,
EDOW,
EDR,
EDRY,
EDSA,
EDTK,
EDTX,
EDTXU,
EDTXW,
EDU,
EDUC,
EDUT,
EDV,
EDZ,
EEA,
EEFT,
EEH,
EEIQ,
EELV,
EEM,
EEMA,
EEMD,
EEMO,
EEMS,
EEMV,
EEMX,
EES,
EET,
EEV,
EEX,
EFA,
EFAD,
EFAS,
EFAV,
EFAX,
EFC,
EFC$A,
EFF,
EFG,
EFIV,
EFIX,
EFL,
EFNL,
EFO,
EFOI,
EFR,
EFSC,
EFT,
EFU,
EFV,
EFX,
EFZ,
EGAN,
EGBN,
EGF,
EGGF.U,
EGHT,
EGIS,
EGLE,
EGLX,
EGO,
EGP,
EGPT,
EGRX,
EGY,
EH,
EHC,
EHI,
EHT,
EHTH,
EIC,
EIDO,
EIG,
EIGR,
EIM,
EINC,
EIRL,
EIS,
EIX,
EJAN,
EJFA,
EJFAU,
EJFAW,
EJH,
EJUL,
EKAR,
EKSO,
EL,
ELA,
ELAN,
ELAT,
ELC,
ELD,
ELDN,
ELF,
ELLO,
ELMD,
ELOX,
ELP,
ELS,
ELSE,
ELTK,
ELVT,
ELY,
ELYS,
EM,
EMAG,
EMAN,
EMB,
EMBD,
EMBH,
EMCB,
EMCF,
EMD,
EMDV,
EME,
EMF,
EMFM,
EMGF,
EMHC,
EMHY,
EMIF,
EMKR,
EML,
EMLC,
EMLP,
EMMF,
EMN,
EMNT,
EMO,
EMP,
EMPW,
EMPW.U,
EMPW.W,
EMQQ,
EMR,
EMSG,
EMSH,
EMTL,
EMTY,
EMX,
EMXC,
EMXF,
ENB,
ENBA,
ENBL,
ENDP,
ENFA,
ENFAU,
ENFAW,
ENFR,
ENG,
ENIA,
ENIC,
ENJ,
ENLC,
ENLV,
ENNV,
ENNVU,
ENNVW,
ENO,
ENOB,
ENOR,
ENPC,
ENPC.U,
ENPC.W,
ENPH,
ENR,
ENR$A,
ENS,
ENSG,
ENSV,
ENTA,
ENTG,
ENTR,
ENTX,
ENTXW,
ENV,
ENVA,
ENVB,
ENVI,
ENVIU,
ENVIW,
ENX,
ENZ,
ENZL,
EOD,
EOG,
EOI,
EOLS,
EOS,
EOSE,
EOSEW,
EOT,
EP$C,
EPAC,
EPAM,
EPAY,
EPC,
EPD,
EPHE,
EPHY,
EPHYU,
EPHYW,
EPI,
EPIX,
EPM,
EPOL,
EPP,
EPR,
EPR$C,
EPR$E,
EPR$G,
EPRE,
EPRF,
EPRT,
EPS,
EPSN,
EPU,
EPV,
EPWR,
EPWR.U,
EPWR.W,
EPZM,
EQ,
EQAL,
EQBK,
EQC,
EQC$D,
EQD,
EQD.U,
EQD.W,
EQH,
EQH$A,
EQH$C,
EQHA,
EQHA.U,
EQHA.W,
EQIX,
EQL,
EQNR,
EQOP,
EQOS,
EQR,
EQRR,
EQS,
EQT,
EQWL,
EQX,
ERC,
ERES,
ERESU,
ERESW,
ERF,
ERH,
ERIC,
ERIE,
ERII,
ERJ,
ERM,
ERSX,
ERTH,
ERUS,
ERX,
ERY,
ERYP,
ES,
ESBA,
ESBK,
ESCA,
ESCR,
ESE,
ESEA,
ESEB,
ESG,
ESGA,
ESGC,
ESGD,
ESGE,
ESGG,
ESGN,
ESGR,
ESGRO,
ESGRP,
ESGS,
ESGU,
ESGV,
ESHY,
ESI,
ESLT,
ESM,
ESM.U,
ESM.W,
ESML,
ESNG,
ESNT,
ESP,
ESPO,
ESPR,
ESQ,
ESRT,
ESS,
ESSA,
ESSC,
ESSCR,
ESSCU,
ESSCW,
ESTA,
ESTC,
ESTE,
ESXB,
ET,
ET$C,
ET$D,
ET$E,
ETAC,
ETACU,
ETACW,
ETB,
ETG,
ETH,
ETHO,
ETI$,
ETJ,
ETN,
ETNB,
ETO,
ETON,
ETR,
ETRN,
ETSY,
ETTX,
ETV,
ETW,
ETWO,
ETWO.W,
ETX,
ETY,
EUCG,
EUCR,
EUCRU,
EUCRW,
EUDG,
EUDV,
EUFN,
EUFX,
EUM,
EUO,
EURL,
EURN,
EURZ,
EUSA,
EUSB,
EUSC,
EUSG,
EUSGU,
EUSGW,
EVA,
EVAX,
EVBG,
EVBN,
EVC,
EVER,
EVF,
EVFM,
EVG,
EVGBC,
EVGN,
EVH,
EVI,
EVK,
EVLMC,
EVLO,
EVM,
EVN,
EVOJ,
EVOJU,
EVOJW,
EVOK,
EVOL,
EVOP,
EVR,
EVRG,
EVRI,
EVSTC,
EVT,
EVTC,
EVV,
EVX,
EVY,
EW,
EWA,
EWBC,
EWC,
EWCO,
EWD,
EWEB,
EWG,
EWGS,
EWH,
EWI,
EWJ,
EWJE,
EWJV,
EWK,
EWL,
EWM,
EWMC,
EWN,
EWO,
EWP,
EWQ,
EWRE,
EWS,
EWSC,
EWT,
EWTX,
EWU,
EWUS,
EWV,
EWW,
EWX,
EWY,
EWZ,
EWZS,
EXAS,
EXC,
EXD,
EXEL,
EXFO,
EXG,
EXI,
EXK,
EXLS,
EXN,
EXP,
EXPD,
EXPE,
EXPI,
EXPO,
EXPR,
EXR,
EXTN,
EXTR,
EYE,
EYEG,
EYEN,
EYES,
EYESW,
EYLD,
EYPT,
EZA,
EZGO,
EZJ,
EZM,
EZPW,
EZU,
F,
F$B,
F$C,
FAAR,
FAB,
FACA,
FACA.U,
FACA.W,
FACT,
FACT.U,
FACT.W,
FAD,
FAF,
FAII,
FAII.U,
FAII.W,
FAIL,
FALN,
FAM,
FAMI,
FAN,
FANG,
FANH,
FAPR,
FARM,
FARO,
FAS,
FAST,
FAT,
FATBP,
FATBW,
FATE,
FATT,
FAUG,
FAX,
FAZ,
FB,
FBC,
FBCG,
FBCV,
FBGX,
FBHS,
FBIO,
FBIOP,
FBIZ,
FBK,
FBMS,
FBNC,
FBND,
FBP,
FBRX,
FBT,
FBZ,
FC,
FCA,
FCAC,
FCACU,
FCACW,
FCAL,
FCAP,
FCAX,
FCAX.U,
FCAX.W,
FCBC,
FCBP,
FCCO,
FCCY,
FCEF,
FCEL,
FCF,
FCFS,
FCG,
FCN,
FCNCA,
FCNCP,
FCO,
FCOM,
FCOR,
FCPI,
FCPT,
FCRD,
FCRW,
FCRX,
FCRZ,
FCT,
FCTR,
FCVT,
FCX,
FDBC,
FDD,
FDEC,
FDEM,
FDEU,
FDEV,
FDG,
FDHY,
FDIS,
FDIV,
FDL,
FDLO,
FDM,
FDMO,
FDMT,
FDN,
FDNI,
FDP,
FDRR,
FDS,
FDT,
FDTS,
FDUS,
FDUSG,
FDUSZ,
FDVV,
FDX,
FE,
FEBZ,
FEDU,
FEDX,
FEI,
FEIM,
FELE,
FEM,
FEMB,
FEMS,
FEN,
FENC,
FENG,
FENY,
FEO,
FEP,
FERG,
FET,
FEUL,
FEUZ,
FEVR,
FEX,
FEYE,
FEZ,
FF,
FFA,
FFBC,
FFBW,
FFC,
FFEB,
FFHG,
FFHL,
FFIC,
FFIN,
FFIU,
FFIV,
FFNW,
FFR,
FFSG,
FFTG,
FFTI,
FFTY,
FFWM,
FGB,
FGBI,
FGBIP,
FGD,
FGEN,
FGF,
FGFPP,
FGM,
FGNA,
FGNA.U,
FGNA.W,
FGRO,
FHB,
FHI,
FHLC,
FHN,
FHN$A,
FHN$B,
FHN$C,
FHN$D,
FHN$E,
FHN$F,
FHS,
FHTX,
FI,
FIBK,
FIBR,
FICO,
FICS,
FID,
FIDI,
FIDU,
FIEE,
FIF,
FIGB,
FIGS,
FIHD,
FIII,
FIIIU,
FIIIW,
FILL,
FINM,
FINMU,
FINMW,
FINS,
FINV,
FINX,
FIS,
FISI,
FISK,
FISR,
FISV,
FITB,
FITBI,
FITBO,
FITBP,
FITE,
FIV,
FIVA,
FIVE,
FIVG,
FIVN,
FIW,
FIX,
FIXD,
FIXX,
FIZZ,
FJAN,
FJNK,
FJP,
FJUL,
FJUN,
FKU,
FKWL,
FL,
FLAC,
FLACU,
FLACW,
FLAU,
FLAX,
FLBL,
FLBR,
FLC,
FLCA,
FLCB,
FLCH,
FLCO,
FLDM,
FLDR,
FLEE,
FLEH,
FLEX,
FLFR,
FLGB,
FLGC,
FLGE,
FLGR,
FLGT,
FLGV,
FLHK,
FLHY,
FLIA,
FLIC,
FLIN,
FLIY,
FLJH,
FLJP,
FLKR,
FLL,
FLLA,
FLLV,
FLM,
FLMB,
FLME,
FLME.U,
FLME.W,
FLMI,
FLMN,
FLMNW,
FLMX,
FLN,
FLNG,
FLNT,
FLO,
FLOT,
FLOW,
FLQD,
FLQE,
FLQG,
FLQH,
FLQL,
FLQM,
FLQS,
FLR,
FLRG,
FLRN,
FLRT,
FLRU,
FLS,
FLSA,
FLSP,
FLSW,
FLT,
FLTB,
FLTR,
FLTW,
FLUD,
FLUX,
FLV,
FLWS,
FLXN,
FLXS,
FLY,
FLYT,
FLYW,
FLZA,
FM,
FMAC,
FMAC.U,
FMAC.W,
FMAG,
FMAO,
FMAR,
FMAT,
FMAY,
FMB,
FMBH,
FMBI,
FMBIO,
FMBIP,
FMC,
FMF,
FMHI,
FMIL,
FMIV,
FMIVU,
FMIVW,
FMN,
FMNB,
FMNY,
FMO,
FMS,
FMTX,
FMX,
FMY,
FN,
FNB,
FNB$E,
FNCB,
FNCH,
FNCL,
FND,
FNDA,
FNDB,
FNDC,
FNDE,
FNDF,
FNDX,
FNF,
FNGD,
FNGO,
FNGS,
FNGU,
FNGZ,
FNHC,
FNI,
FNK,
FNKO,
FNLC,
FNOV,
FNV,
FNWB,
FNX,
FNY,
FOA,
FOA.W,
FOCS,
FOCT,
FOE,
FOF,
FOLD,
FOMO,
FONR,
FOR,
FORA,
FORD,
FORE,
FOREU,
FOREW,
FORH,
FORM,
FORR,
FORTY,
FOSL,
FOUR,
FOVL,
FOX,
FOXA,
FOXF,
FOXW,
FOXWU,
FOXWW,
FPA,
FPAC,
FPAC.U,
FPAC.W,
FPAY,
FPE,
FPEI,
FPF,
FPH,
FPI,
FPI$B,
FPL,
FPRO,
FPX,
FPXE,
FPXI,
FQAL,
FR,
FRA,
FRAF,
FRAK,
FRBA,
FRBK,
FRC,
FRC$H,
FRC$I,
FRC$J,
FRC$K,
FRC$L,
FRD,
FRDM,
FREE,
FREEW,
FREL,
FREQ,
FRG,
FRGAP,
FRGI,
FRHC,
FRI,
FRLG,
FRLN,
FRME,
FRO,
FROG,
FRON,
FRONU,
FRONW,
FRPH,
FRPT,
FRSG,
FRSGU,
FRSGW,
FRST,
FRSX,
FRT,
FRT$C,
FRTA,
FRTY,
FRW,
FRWAU,
FRWAW,
FRX,
FRX.U,
FRX.W,
FRXB,
FRXB.U,
FRXB.W,
FSBC,
FSBW,
FSD,
FSEA,
FSEC,
FSEP,
FSFG,
FSI,
FSII,
FSK,
FSKR,
FSLF,
FSLR,
FSLY,
FSM,
FSMB,
FSMD,
FSMO,
FSNB,
FSNB.U,
FSNB.W,
FSP,
FSR,
FSRV,
FSRVU,
FSRVW,
FSRX,
FSRXU,
FSRXW,
FSS,
FSSI,
FSSIU,
FSSIW,
FST,
FST.U,
FST.W,
FSTA,
FSTR,
FSTX,
FSV,
FSZ,
FT,
FTA,
FTAA,
FTAAU,
FTAAW,
FTAG,
FTAI,
FTAI$A,
FTAI$B,
FTAI$C,
FTC,
FTCH,
FTCI,
FTCS,
FTCV,
FTCVU,
FTCVW,
FTDR,
FTEC,
FTEK,
FTEV,
FTEV.U,
FTEV.W,
FTF,
FTFT,
FTGC,
FTHI,
FTHM,
FTHY,
FTI,
FTIV,
FTIVU,
FTIVW,
FTK,
FTLB,
FTLS,
FTNT,
FTOC,
FTOCU,
FTOCW,
FTPA,
FTPAU,
FTPAW,
FTRI,
FTS,
FTSD,
FTSI,
FTSL,
FTSM,
FTV,
FTV$A,
FTXD,
FTXG,
FTXH,
FTXL,
FTXN,
FTXO,
FTXR,
FUBO,
FUE,
FUL,
FULC,
FULT,
FULTP,
FUMB,
FUN,
FUNC,
FUND,
FUNL,
FURY,
FUSB,
FUSE,
FUSE.U,
FUSE.W,
FUSN,
FUT,
FUTU,
FUTY,
FUV,
FV,
FVAL,
FVAM,
FVC,
FVCB,
FVD,
FVE,
FVIV,
FVIV.U,
FVIV.W,
FVRR,
FVT,
FVT.U,
FVT.W,
FWAA,
FWAC,
FWDB,
FWONA,
FWONK,
FWP,
FWRD,
FXA,
FXB,
FXC,
FXD,
FXE,
FXF,
FXG,
FXH,
FXI,
FXL,
FXN,
FXNC,
FXO,
FXP,
FXR,
FXU,
FXY,
FXZ,
FYBR,
FYC,
FYLD,
FYT,
FYX,
FZT,
FZT.U,
FZT.W,
G,
GAA,
GAB,
GAB$G,
GAB$H,
GAB$J,
GAB$K,
GAB.V,
GABC,
GAIA,
GAIN,
GAINL,
GAINN,
GAL,
GALT,
GAM,
GAM$B,
GAMC,
GAMCU,
GAMCW,
GAMR,
GAN,
GANX,
GAPA,
GAPA.U,
GAPA.W,
GASS,
GATO,
GATX,
GAU,
GAZ,
GB,
GB.W,
GBAB,
GBCI,
GBDC,
GBDV,
GBF,
GBGR,
GBIL,
GBIO,
GBL,
GBLD,
GBLI,
GBLIL,
GBLO,
GBNH,
GBNY,
GBOX,
GBR,
GBRG,
GBRGR,
GBRGU,
GBRGW,
GBS,
GBT,
GBUG,
GBX,
GCAC,
GCACU,
GCACW,
GCBC,
GCC,
GCI,
GCMG,
GCMGW,
GCO,
GCOR,
GCOW,
GCP,
GCV,
GD,
GDDY,
GDEN,
GDL,
GDL$C,
GDMA,
GDO,
GDOT,
GDP,
GDRX,
GDS,
GDV,
GDV$G,
GDV$H,
GDX,
GDXD,
GDXJ,
GDXU,
GDYN,
GDYNW,
GE,
GECC,
GECCL,
GECCM,
GECCN,
GEF,
GEF.B,
GEG,
GEL,
GEM,
GENC,
GENE,
GENI,
GENI.W,
GENY,
GEO,
GEOS,
GER,
GERM,
GERN,
GES,
GEVO,
GF,
GFED,
GFF,
GFI,
GFL,
GFLU,
GFNCP,
GFNSZ,
GFOR.U,
GFX,
GFX.U,
GFX.W,
GGAL,
GGB,
GGG,
GGM,
GGMC,
GGMCU,
GGMCW,
GGN,
GGN$B,
GGO,
GGO$A,
GGPI,
GGPIU,
GGPIW,
GGRW,
GGT,
GGT$E,
GGT$G,
GGZ,
GGZ$A,
GH,
GHAC,
GHACU,
GHACW,
GHC,
GHG,
GHL,
GHLD,
GHM,
GHSI,
GHVI,
GHVIU,
GHVIW,
GHY,
GHYB,
GHYG,
GIB,
GIFI,
GIG,
GIGB,
GIGE,
GIGGU,
GIGGW,
GIGM,
GII,
GIII,
GIIX,
GIIXU,
GIIXW,
GIL,
GILD,
GILT,
GIM,
GINN,
GIS,
GIWWU,
GIX,
GIX.R,
GIX.U,
GIX.W,
GJH,
GJO,
GJP,
GJR,
GJS,
GJT,
GKOS,
GL,
GL$C,
GLAD,
GLADL,
GLAQ,
GLAQU,
GLAQW,
GLBE,
GLBL,
GLBLU,
GLBLW,
GLBS,
GLBZ,
GLCN,
GLD,
GLDB,
GLDD,
GLDG,
GLDI,
GLDM,
GLEO,
GLEO.U,
GLEO.W,
GLG,
GLHA,
GLHAU,
GLHAW,
GLIF,
GLIN,
GLL,
GLMD,
GLNG,
GLO,
GLO.R,
GLOB,
GLOG,
GLOG$A,
GLOP,
GLOP$A,
GLOP$B,
GLOP$C,
GLP,
GLP$A,
GLP$B,
GLPG,
GLPI,
GLQ,
GLQ.R,
GLRE,
GLRY,
GLSI,
GLSPT,
GLSPU,
GLSPW,
GLT,
GLTO,
GLTR,
GLU,
GLU$A,
GLU$B,
GLV,
GLV.R,
GLW,
GLYC,
GM,
GMAB,
GMBL,
GMBLW,
GMBT,
GMBTU,
GMBTW,
GMDA,
GME,
GMED,
GMF,
GMII,
GMIIU,
GMIIW,
GMOM,
GMRE,
GMRE$A,
GMS,
GMTX,
GNAC,
GNACU,
GNACW,
GNAF,
GNCA,
GNE,
GNE$A,
GNFT,
GNK,
GNL,
GNL$A,
GNL$B,
GNLN,
GNMA,
GNOG,
GNOM,
GNPK,
GNPK.U,
GNPK.W,
GNPX,
GNR,
GNRC,
GNRS,
GNRSU,
GNRSW,
GNSS,
GNT,
GNT$A,
GNTX,
GNTY,
GNUS,
GNW,
GO,
GOAC,
GOAC.U,
GOAC.W,
GOAT,
GOAU,
GOCO,
GOED,
GOED.W,
GOEV,
GOEVW,
GOEX,
GOF,
GOGL,
GOGO,
GOL,
GOLD,
GOLF,
GOOD,
GOODM,
GOODN,
GOOG,
GOOGL,
GOOS,
GORO,
GOSS,
GOTU,
GOVT,
GOVX,
GOVXW,
GOVZ,
GP,
GPAC,
GPACU,
GPACW,
GPC,
GPI,
GPJA,
GPK,
GPL,
GPM,
GPMT,
GPN,
GPOR,
GPP,
GPRE,
GPRK,
GPRO,
GPS,
GPX,
GQRE,
GRA,
GRAY,
GRBK,
GRC,
GRCL,
GRCY,
GRCYU,
GRCYW,
GREK,
GRES,
GRF,
GRFS,
GRID,
GRIL,
GRIN,
GRMN,
GRN,
GRNB,
GRNQ,
GRNV,
GRNVR,
GRNVU,
GRNVW,
GROW,
GROY,
GROY.W,
GRP.U,
GRPN,
GRSV,
GRSVU,
GRSVW,
GRTS,
GRTX,
GRU,
GRUB,
GRVY,
GRWG,
GRX,
GS,
GS$A,
GS$C,
GS$D,
GS$J,
GS$K,
GSAH,
GSAH.U,
GSAH.W,
GSAQ,
GSAQU,
GSAQW,
GSAT,
GSBC,
GSBD,
GSEE,
GSEU,
GSEV,
GSEVU,
GSEVW,
GSEW,
GSG,
GSHD,
GSID,
GSIE,
GSIG,
GSIT,
GSJY,
GSK,
GSKY,
GSL,
GSL$B,
GSLC,
GSLD,
GSM,
GSMG,
GSMGW,
GSP,
GSPY,
GSQD,
GSQD.U,
GSQD.W,
GSS,
GSSC,
GSST,
GSUS,
GSV,
GSY,
GT,
GTBP,
GTE,
GTEC,
GTES,
GTH,
GTHX,
GTIM,
GTIP,
GTLS,
GTN,
GTN.A,
GTO,
GTPA,
GTPAU,
GTPAW,
GTPB,
GTPBU,
GTPBW,
GTS,
GTT,
GTX,
GTY,
GTYH,
GUNR,
GURE,
GURU,
GUSH,
GUT,
GUT$A,
GUT$C,
GVA,
GVAL,
GVI,
GVIP,
GVP,
GWAC,
GWACW,
GWB,
GWGH,
GWRE,
GWRS,
GWW,
GWX,
GXC,
GXF,
GXG,
GXGX,
GXGXU,
GXGXW,
GXII,
GXIIU,
GXIIW,
GXTG,
GYLD,
GYRO,
H,
HA,
HAAC,
HAACU,
HAACW,
HACK,
HAE,
HAFC,
HAIL,
HAIN,
HAL,
HALL,
HALO,
HAP,
HAPP,
HARP,
HART,
HAS,
HASI,
HAUZ,
HAWX,
HAYN,
HAYW,
HBAN,
HBANN,
HBANO,
HBANP,
HBB,
HBCP,
HBI,
HBIO,
HBM,
HBMD,
HBNC,
HBP,
HBT,
HCA,
HCAP,
HCAPZ,
HCAQ,
HCAR,
HCARU,
HCARW,
HCAT,
HCC,
HCCC,
HCCCU,
HCCCW,
HCCI,
HCDI,
HCHC,
HCI,
HCIC,
HCICU,
HCICW,
HCII,
HCIIU,
HCIIW,
HCKT,
HCM,
HCRB,
HCSG,
HCXY,
HCXZ,
HD,
HDAW,
HDB,
HDEF,
HDG,
HDGE,
HDIV,
HDLB,
HDMV,
HDRO,
HDSN,
HDV,
HE,
HEAR,
HEC,
HECCU,
HECCW,
HEDJ,
HEEM,
HEES,
HEFA,
HEGD,
HEI,
HEI.A,
HELE,
HELX,
HEP,
HEPA,
HEQ,
HERA,
HERAU,
HERAW,
HERD,
HERO,
HES,
HESM,
HEWC,
HEWG,
HEWJ,
HEWU,
HEWW,
HEXO,
HEZU,
HFBL,
HFC,
HFFG,
HFRO,
HFRO$A,
HFWA,
HFXI,
HGBL,
HGEN,
HGH,
HGLB,
HGSH,
HGV,
HHC,
HHLA,
HHLA.U,
HHLA.W,
HHR,
HI,
HIBB,
HIBL,
HIBS,
HIE,
HIFS,
HIG,
HIG$G,
HIGA,
HIGA.U,
HIGA.W,
HIHO,
HII,
HIII,
HIIIU,
HIIIW,
HIL,
HIMS,
HIMS.W,
HIMX,
HIO,
HIPR,
HIPS,
HITI,
HIW,
HIX,
HJEN,
HJLI,
HJLIW,
HJPX,
HKIB,
HKND,
HL,
HL$B,
HLAH,
HLAHU,
HLAHW,
HLAL,
HLF,
HLG,
HLGE,
HLI,
HLIO,
HLIT,
HLM$,
HLNE,
HLT,
HLX,
HLXA,
HMC,
HMCO,
HMCOU,
HMCOW,
HMG,
HMHC,
HMLP,
HMLP$A,
HMN,
HMNF,
HMOP,
HMPT,
HMST,
HMTV,
HMY,
HNDL,
HNGR,
HNI,
HNNA,
HNP,
HNRG,
HNST,
HNW,
HOFT,
HOFV,
HOFVW,
HOG,
HOL,
HOLD,
HOLI,
HOLUU,
HOLUW,
HOLX,
HOMB,
HOME,
HOMZ,
HON,
HONE,
HOOK,
HOPE,
HOTH,
HOV,
HOVNP,
HOWL,
HP,
HPE,
HPF,
HPI,
HPK,
HPKEW,
HPP,
HPQ,
HPS,
HPX,
HPX.U,
HPX.W,
HQH,
HQI,
HQL,
HQY,
HR,
HRB,
HRC,
HRI,
HRL,
HRMY,
HROW,
HROWL,
HRTG,
HRTX,
HRZN,
HSAQ,
HSBC,
HSC,
HSCZ,
HSDT,
HSIC,
HSII,
HSKA,
HSMV,
HSON,
HSRT,
HST,
HSTM,
HSTO,
HSY,
HT,
HT$C,
HT$D,
HT$E,
HTA,
HTAB,
HTBI,
HTBK,
HTBX,
HTD,
HTEC,
HTFB,
HTGC,
HTGM,
HTH,
HTHT,
HTIA,
HTLD,
HTLF,
HTLFP,
HTOO,
HTOOW,
HTPA,
HTPA.U,
HTPA.W,
HTRB,
HTUS,
HTY,
HUBB,
HUBG,
HUBS,
HUDI,
HUGE,
HUGS,
HUGS.U,
HUGS.W,
HUIZ,
HUM,
HUN,
HURC,
HURN,
HUSA,
HUSN,
HUSV,
HUYA,
HVBC,
HVT,
HVT.A,
HWBK,
HWC,
HWCC,
HWCPL,
HWCPZ,
HWKN,
HWM,
HWM$,
HX,
HXL,
HY,
HYAC,
HYACU,
HYACW,
HYB,
HYBB,
HYD,
HYDB,
HYDW,
HYEM,
HYFM,
HYG,
HYGH,
HYGV,
HYHG,
HYI,
HYIN,
HYLB,
HYLD,
HYLN,
HYLS,
HYLV,
HYMB,
HYMC,
HYMCL,
HYMCW,
HYMCZ,
HYMU,
HYRE,
HYS,
HYT,
HYTR,
HYUP,
HYW,
HYXF,
HYXU,
HYZD,
HZAC,
HZAC.U,
HZAC.W,
HZN,
HZNP,
HZO,
HZON,
HZON.U,
HZON.W,
IAA,
IAC,
IACA,
IACA.U,
IACA.W,
IACB,
IACB.U,
IACB.W,
IACC,
IAE,
IAF,
IAG,
IAGG,
IAI,
IAK,
IAPR,
IART,
IAT,
IAU,
IAUF,
IBA,
IBB,
IBBJ,
IBCE,
IBCP,
IBD,
IBDD,
IBDM,
IBDN,
IBDO,
IBDP,
IBDQ,
IBDR,
IBDS,
IBDT,
IBDU,
IBDV,
IBER,
IBER.U,
IBER.W,
IBEX,
IBHA,
IBHB,
IBHC,
IBHD,
IBHE,
IBHF,
IBIO,
IBKR,
IBM,
IBMJ,
IBMK,
IBML,
IBMM,
IBMN,
IBMO,
IBMP,
IBMQ,
IBN,
IBND,
IBO,
IBOC,
IBP,
IBRX,
IBTA,
IBTB,
IBTD,
IBTE,
IBTF,
IBTG,
IBTH,
IBTI,
IBTJ,
IBTK,
IBTX,
IBUY,
ICAD,
ICBK,
ICCC,
ICCH,
ICD,
ICE,
ICF,
ICFI,
ICHR,
ICL,
ICLK,
ICLN,
ICLR,
ICMB,
ICOL,
ICON,
ICOW,
ICPT,
ICSH,
ICUI,
ICVT,
ID,
IDA,
IDBA,
IDCC,
IDE,
IDEV,
IDEX,
IDHD,
IDHQ,
IDIV,
IDLB,
IDLV,
IDMO,
IDN,
IDNA,
IDOG,
IDRA,
IDRV,
IDT,
IDU,
IDV,
IDX,
IDXX,
IDYA,
IEA,
IEAWW,
IEC,
IECS,
IEDI,
IEF,
IEFA,
IEFN,
IEHS,
IEI,
IEIH,
IEME,
IEMG,
IEO,
IEP,
IESC,
IETC,
IEUR,
IEUS,
IEV,
IEX,
IEZ,
IFBD,
IFF,
IFFT,
IFGL,
IFMK,
IFN,
IFRA,
IFRX,
IFS,
IFV,
IG,
IGA,
IGAC,
IGACU,
IGACW,
IGBH,
IGC,
IGD,
IGE,
IGEB,
IGF,
IGHG,
IGI,
IGIB,
IGIC,
IGICW,
IGLB,
IGLD,
IGM,
IGMS,
IGN,
IGNY,
IGNYU,
IGNYW,
IGOV,
IGR,
IGRO,
IGSB,
IGT,
IGV,
IGZ,
IH,
IHAK,
IHC,
IHD,
IHDG,
IHE,
IHF,
IHG,
IHI,
IHIT,
IHRT,
IHT,
IHTA,
IHY,
IHYF,
IIAC,
IIAC.U,
IIAC.W,
IIF,
IIGD,
IIGV,
III,
IIII,
IIIIU,
IIIIW,
IIIN,
IIIV,
IIM,
IIN,
IIPR,
IIPR$A,
IIVI,
IIVIP,
IJAN,
IJH,
IJJ,
IJK,
IJR,
IJS,
IJT,
IJUL,
IKNA,
IKNX,
IKT,
ILCB,
ILCG,
ILCV,
ILDR,
ILF,
ILMN,
ILPT,
ILTB,
IMAB,
IMAC,
IMACW,
IMAX,
IMBI,
IMCB,
IMCC,
IMCG,
IMCR,
IMCV,
IMFL,
IMGN,
IMH,
IMKTA,
IMLP,
IMMP,
IMMR,
IMNM,
IMO,
IMOM,
IMOS,
IMPL,
IMPX,
IMPX.U,
IMPX.W,
IMRA,
IMRN,
IMRNW,
IMTB,
IMTE,
IMTM,
IMTX,
IMTXW,
IMUX,
IMV,
IMVT,
IMXI,
INBK,
INBKL,
INBKZ,
INBX,
INCO,
INCY,
INDA,
INDB,
INDF,
INDL,
INDO,
INDS,
INDT,
INDY,
INFI,
INFL,
INFN,
INFO,
INFR,
INFU,
INFY,
ING,
INGN,
INGR,
INKA,
INKAU,
INKAW,
INKM,
INM,
INMB,
INMD,
INMU,
INN,
INN$D,
INN$E,
INNV,
INO,
INOD,
INOV,
INPX,
INS,
INSE,
INSG,
INSI,
INSM,
INSP,
INSW,
INSW$A,
INT,
INTC,
INTF,
INTG,
INTT,
INTU,
INTZ,
INUV,
INVA,
INVE,
INVH,
INVO,
INVZ,
INVZW,
INZY,
IO,
IONS,
IOO,
IOR,
IOSP,
IOVA,
IP,
IPA,
IPAC,
IPAR,
IPAY,
IPB,
IPDN,
IPFF,
IPG,
IPGP,
IPHA,
IPI,
IPKW,
IPLDP,
IPO,
IPOD,
IPOD.U,
IPOD.W,
IPOF,
IPOF.U,
IPOF.W,
IPOS,
IPVA,
IPVA.U,
IPVA.W,
IPVF,
IPVF.U,
IPVF.W,
IPVI,
IPVIU,
IPVIW,
IPW,
IPWR,
IQ,
IQDE,
IQDF,
IQDG,
IQDY,
IQI,
IQIN,
IQLT,
IQM,
IQSI,
IQSU,
IQV,
IR,
IRBO,
IRBT,
IRCP,
IRDM,
IRIX,
IRL,
IRM,
IRMD,
IROQ,
IRR,
IRS,
IRS.W,
IRT,
IRTC,
IRWD,
ISBC,
ISCB,
ISCF,
ISCG,
ISCV,
ISD,
ISDR,
ISDX,
ISEE,
ISEM,
ISHG,
ISIG,
ISLE,
ISLEW,
ISMD,
ISNS,
ISOS,
ISOS.U,
ISOS.W,
ISR,
ISRA,
ISRG,
ISSC,
ISTB,
ISTR,
ISUN,
ISVL,
ISWN,
ISZE,
IT,
ITA,
ITAC,
ITACU,
ITACW,
ITB,
ITCB,
ITCI,
ITEQ,
ITGR,
ITHX,
ITHXU,
ITHXW,
ITI,
ITIC,
ITM,
ITMR,
ITOS,
ITOT,
ITP,
ITQ,
ITQRU,
ITQRW,
ITRG,
ITRI,
ITRM,
ITRN,
ITT,
ITUB,
ITW,
IUS,
IUSB,
IUSG,
IUSS,
IUSV,
IVA,
IVAC,
IVAL,
IVAN,
IVAN.U,
IVAN.W,
IVC,
IVDG,
IVE,
IVES,
IVH,
IVLC,
IVLU,
IVOG,
IVOL,
IVOO,
IVOV,
IVR,
IVR$A,
IVR$B,
IVR$C,
IVRA,
IVSG,
IVV,
IVW,
IVZ,
IWB,
IWC,
IWD,
IWDL,
IWF,
IWFH,
IWFL,
IWL,
IWM,
IWML,
IWN,
IWO,
IWP,
IWR,
IWS,
IWV,
IWX,
IWY,
IX,
IXC,
IXG,
IXJ,
IXN,
IXP,
IXSE,
IXUS,
IYC,
IYE,
IYF,
IYG,
IYH,
IYJ,
IYK,
IYLD,
IYM,
IYR,
IYT,
IYW,
IYY,
IYZ,
IZEA,
IZRL,
J,
JAAA,
JACK,
JAGG,
JAGX,
JAKK,
JAMF,
JAN,
JANZ,
JAX,
JAZZ,
JBGS,
JBHT,
JBK,
JBL,
JBLU,
JBSS,
JBT,
JCE,
JCI,
JCIC,
JCICU,
JCICW,
JCO,
JCOM,
JCPB,
JCS,
JCTCF,
JCTR,
JD,
JDD,
JDIV,
JDST,
JEF,
JELD,
JEMA,
JEMD,
JEPI,
JEQ,
JETS,
JFIN,
JFR,
JFU,
JG,
JGH,
JGLD,
JHAA,
JHB,
JHCB,
JHCS,
JHEM,
JHG,
JHI,
JHMA,
JHMC,
JHMD,
JHME,
JHMF,
JHMH,
JHMI,
JHML,
JHMM,
JHMS,
JHMT,
JHMU,
JHS,
JHSC,
JHX,
JIG,
JIGB,
JIH,
JIH.U,
JIH.W,
JILL,
JJA,
JJC,
JJE,
JJG,
JJM,
JJN,
JJP,
JJS,
JJSF,
JJT,
JJU,
JKHY,
JKS,
JLL,
JLS,
JMBS,
JMIA,
JMIN,
JMM,
JMOM,
JMP,
JMPNL,
JMPNZ,
JMST,
JMUB,
JNCE,
JNJ,
JNK,
JNPR,
JNUG,
JO,
JOAN,
JOB,
JOBS,
JOE,
JOET,
JOF,
JOFF,
JOFFU,
JOFFW,
JOUT,
JOYY,
JP,
JPC,
JPEM,
JPHY,
JPI,
JPIB,
JPIN,
JPM,
JPM$C,
JPM$D,
JPM$J,
JPM$K,
JPM$L,
JPMB,
JPME,
JPN,
JPS,
JPSE,
JPST,
JPT,
JPUS,
JPXN,
JQC,
JQUA,
JRI,
JRJC,
JRO,
JRS,
JRSH,
JRVR,
JSCP,
JSD,
JSM,
JSMD,
JSML,
JSTC,
JT,
JTA,
JTD,
JULZ,
JUNZ,
JUPW,
JUPWW,
JUST,
JVA,
JVAL,
JW.A,
JW.B,
JWEL,
JWN,
JWS,
JWS.U,
JWS.W,
JWSM,
JWSM.U,
JWSM.W,
JXI,
JYAC,
JYNT,
JZXN,
K,
KAHC,
KAHC.U,
KAHC.W,
KAI,
KAII,
KAIIU,
KAIIW,
KAIR,
KAIRU,
KAIRW,
KALA,
KALL,
KALU,
KALV,
KAMN,
KAPR,
KAR,
KARO,
KARS,
KB,
KBA,
KBAL,
KBE,
KBH,
KBNT,
KBNTW,
KBR,
KBSF,
KBUY,
KBWB,
KBWD,
KBWP,
KBWR,
KBWY,
KC,
KCAC,
KCAC.U,
KCAC.W,
KCCB,
KCE,
KCNY,
KDFI,
KDMN,
KDNY,
KDP,
KE,
KEJI,
KELYA,
KELYB,
KEMQ,
KEMX,
KEN,
KEP,
KEQU,
KERN,
KERNW,
KESG,
KEX,
KEY,
KEY$I,
KEY$J,
KEY$K,
KEYS,
KF,
KFFB,
KFRC,
KFS,
KFVG,
KFY,
KFYP,
KGC,
KGRN,
KHC,
KIDS,
KIE,
KIII,
KIIIU,
KIIIW,
KIM,
KIM$L,
KIM$M,
KIN,
KINS,
KINZ,
KINZU,
KINZW,
KIO,
KIQ,
KIRK,
KJAN,
KJUL,
KKR,
KKR$A,
KKR$B,
KKR$C,
KKRS,
KL,
KLAC,
KLAQ,
KLAQU,
KLAQW,
KLCD,
KLDO,
KLDW,
KLIC,
KLR,
KLR.W,
KLXE,
KMB,
KMDA,
KMED,
KMF,
KMI,
KMLM,
KMPH,
KMPR,
KMT,
KMX,
KN,
KNBE,
KNDI,
KNG,
KNGS,
KNL,
KNOP,
KNSA,
KNSL,
KNTE,
KNX,
KO,
KOCT,
KOD,
KODK,
KOF,
KOIN,
KOKU,
KOLD,
KOMP,
KOP,
KOPN,
KOR,
KORP,
KORU,
KOS,
KOSS,
KPTI,
KR,
KRA,
KRBN,
KRBP,
KRC,
KRE,
KREF,
KREF$A,
KRG,
KRKR,
KRMA,
KRMD,
KRNL,
KRNLU,
KRNLW,
KRNT,
KRNY,
KRO,
KRON,
KROS,
KRP,
KRT,
KRTX,
KRUS,
KRYS,
KSA,
KSCD,
KSI,
KSICU,
KSICW,
KSM,
KSMT,
KSMTU,
KSMTW,
KSPN,
KSS,
KSTR,
KSU,
KSU$,
KT,
KTB,
KTCC,
KTF,
KTH,
KTN,
KTOS,
KTRA,
KUKE,
KURA,
KURE,
KURI,
KURIU,
KURIW,
KVHI,
KVLE,
KVSA,
KVSB,
KVSC,
KW,
KWAC,
KWAC.U,
KWAC.W,
KWEB,
KWR,
KWT,
KXI,
KXIN,
KYMR,
KYN,
KZIA,
KZR,
L,
LABD,
LABP,
LABU,
LAC,
LACQ,
LACQU,
LACQW,
LAD,
LADR,
LAIX,
LAKE,
LAMR,
LANC,
LAND,
LANDM,
LANDO,
LARK,
LASR,
LATN,
LATNU,
LATNW,
LAUR,
LAWS,
LAZ,
LAZR,
LAZY,
LB,
LBAI,
LBAY,
LBC,
LBJ,
LBPH,
LBPS,
LBPSW,
LBRDA,
LBRDK,
LBRDP,
LBRT,
LBTYA,
LBTYB,
LBTYK,
LC,
LCA,
LCAA,
LCAAU,
LCAAW,
LCAHU,
LCAHW,
LCAP,
LCAPU,
LCAPW,
LCG,
LCI,
LCII,
LCNB,
LCR,
LCTD,
LCTU,
LCTX,
LCUT,
LCY,
LCYAU,
LCYAW,
LD,
LDEM,
LDHA,
LDHAU,
LDHAW,
LDI,
LDL,
LDOS,
LDP,
LDRS,
LDSF,
LDUR,
LE,
LEA,
LEAD,
LEAF,
LEAP,
LEAP.U,
LEAP.W,
LECO,
LEDS,
LEE,
LEG,
LEGA,
LEGAU,
LEGAW,
LEGH,
LEGN,
LEGO,
LEGOU,
LEGOW,
LEGR,
LEJU,
LEMB,
LEN,
LEN.B,
LEND,
LEO,
LESL,
LEU,
LEV,
LEV.W,
LEVI,
LEVL,
LEVLP,
LEXX,
LEXXW,
LFC,
LFEQ,
LFMD,
LFT,
LFT$A,
LFTR,
LFTRU,
LFTRW,
LFUS,
LFVN,
LGAC,
LGACU,
LGACW,
LGBT,
LGF.A,
LGF.B,
LGH,
LGHL,
LGHLW,
LGI,
LGIH,
LGL,
LGL.W,
LGLV,
LGND,
LGO,
LGOV,
LGV,
LGV.U,
LGV.W,
LGVN,
LH,
LHAA,
LHC,
LHC.U,
LHC.W,
LHCG,
LHDX,
LHX,
LI,
LIFE,
LII,
LIII,
LIII.U,
LIII.W,
LILA,
LILAK,
LIN,
LINC,
LIND,
LINK,
LINX,
LIQT,
LIT,
LITB,
LITE,
LIV,
LIVE,
LIVK,
LIVKU,
LIVKW,
LIVN,
LIVX,
LIXT,
LIXTW,
LIZI,
LJAQ,
LJAQU,
LJAQW,
LJPC,
LKCO,
LKFN,
LKOR,
LKQ,
LL,
LLNW,
LLY,
LMACA,
LMACU,
LMACW,
LMAO,
LMAOU,
LMAOW,
LMAT,
LMB,
LMBS,
LMFA,
LMND,
LMNL,
LMNR,
LMNX,
LMPX,
LMRK,
LMRKN,
LMRKO,
LMRKP,
LMST,
LMT,
LNC,
LND,
LNDC,
LNFA,
LNFA.U,
LNFA.W,
LNG,
LNN,
LNSR,
LNT,
LNTH,
LOAN,
LOB,
LOCO,
LODE,
LOGC,
LOGI,
LOKB,
LOKB.U,
LOKB.W,
LOKM,
LOKM.U,
LOKM.W,
LOMA,
LOOP,
LOPE,
LOPP,
LORL,
LOTZ,
LOTZW,
LOUP,
LOV,
LOVE,
LOW,
LOWC,
LPCN,
LPG,
LPI,
LPL,
LPLA,
LPRO,
LPSN,
LPTH,
LPTX,
LPX,
LQD,
LQDA,
LQDB,
LQDH,
LQDI,
LQDT,
LRCX,
LRGE,
LRGF,
LRMR,
LRN,
LRNZ,
LSAF,
LSAQ,
LSAT,
LSBK,
LSCC,
LSEA,
LSEAW,
LSF,
LSI,
LSLT,
LSPD,
LSST,
LSTR,
LSXMA,
LSXMB,
LSXMK,
LTBR,
LTC,
LTHM,
LTL,
LTPZ,
LTRN,
LTRPA,
LTRPB,
LTRX,
LU,
LUB,
LULU,
LUMN,
LUMO,
LUNA,
LUNG,
LUV,
LUXA,
LUXAU,
LUXAW,
LUXE,
LVHD,
LVHI,
LVOL,
LVRA,
LVRAU,
LVRAW,
LVS,
LVTX,
LW,
LWAC,
LWACU,
LWACW,
LWAY,
LX,
LXEH,
LXFR,
LXP,
LXP$C,
LXRX,
LXU,
LYB,
LYFE,
LYFT,
LYG,
LYL,
LYRA,
LYTS,
LYV,
LZB,
M,
MA,
MAA,
MAA$I,
MAAC,
MAACU,
MAACW,
MAAX,
MAC,
MACA,
MACAU,
MACAW,
MACC,
MACC.U,
MACC.W,
MACK,
MACQ,
MACQU,
MACQW,
MACU,
MACUU,
MACUW,
MAG,
MAGA,
MAGS,
MAIN,
MAMB,
MAN,
MANH,
MANT,
MANU,
MAQCU,
MAR,
MARA,
MARB,
MARK,
MARPS,
MARZ,
MAS,
MASI,
MASS,
MAT,
MATW,
MATX,
MAV,
MAX,
MAXN,
MAXR,
MAYS,
MAYZ,
MBAC,
MBAC.U,
MBAC.W,
MBB,
MBBB,
MBCC,
MBCN,
MBI,
MBII,
MBIN,
MBINN,
MBINO,
MBINP,
MBIO,
MBND,
MBNKP,
MBOT,
MBOX,
MBRX,
MBSD,
MBT,
MBTC,
MBTCR,
MBTCU,
MBUU,
MBWM,
MC,
MCA,
MCAD,
MCADR,
MCADU,
MCAEU,
MCB,
MCBC,
MCBS,
MCD,
MCEF,
MCF,
MCFE,
MCFT,
MCHI,
MCHP,
MCHX,
MCI,
MCK,
MCMJ,
MCMJW,
MCN,
MCO,
MCR,
MCRB,
MCRI,
MCRO,
MCS,
MCY,
MD,
MDB,
MDC,
MDCA,
MDGL,
MDGS,
MDGSW,
MDH,
MDH.U,
MDH.W,
MDIA,
MDIV,
MDJH,
MDLA,
MDLQ,
MDLX,
MDLY,
MDLZ,
MDNA,
MDP,
MDRR,
MDRRP,
MDRX,
MDT,
MDU,
MDVL,
MDWD,
MDWT,
MDXG,
MDY,
MDYG,
MDYV,
MEAR,
MEC,
MED,
MEDP,
MEDS,
MEG,
MEI,
MEIP,
MELI,
MEOH,
MER$K,
MERC,
MESA,
MESO,
MET,
MET$A,
MET$E,
MET$F,
METC,
METX,
METXW,
MEXX,
MFA,
MFA$B,
MFA$C,
MFC,
MFD,
MFDX,
MFEM,
MFG,
MFGP,
MFH,
MFIN,
MFL,
MFM,
MFMS,
MFNC,
MFUS,
MFV,
MG,
MGA,
MGC,
MGEE,
MGF,
MGI,
MGIC,
MGK,
MGLN,
MGM,
MGMT,
MGNI,
MGNX,
MGP,
MGPI,
MGR,
MGRB,
MGRC,
MGTA,
MGTX,
MGU,
MGV,
MGY,
MGYR,
MH$A,
MH$C,
MH$D,
MHD,
MHF,
MHH,
MHI,
MHK,
MHLA,
MHLD,
MHN,
MHNC,
MHO,
MIC,
MICT,
MID,
MIDD,
MIDE,
MIDF,
MIDU,
MIE,
MIG,
MILE,
MILEW,
MILN,
MIME,
MIN,
MINC,
MIND,
MINDP,
MINN,
MINT,
MIRM,
MIST,
MIT,
MIT.U,
MIT.W,
MITC,
MITK,
MITO,
MITT,
MITT$A,
MITT$B,
MITT$C,
MIXT,
MIY,
MJ,
MJJ,
MJO,
MJUS,
MKC,
MKC.V,
MKD,
MKGI,
MKL,
MKSI,
MKTX,
MKTY,
MLAB,
MLAC,
MLACU,
MLACW,
MLCO,
MLHR,
MLI,
MLM,
MLN,
MLND,
MLP,
MLPA,
MLPB,
MLPO,
MLPR,
MLPX,
MLPY,
MLR,
MLSS,
MLVF,
MMAC,
MMC,
MMD,
MMI,
MMIN,
MMIT,
MMLG,
MMLP,
MMM,
MMP,
MMS,
MMSI,
MMT,
MMTM,
MMU,
MMX,
MMYT,
MN,
MNA,
MNDO,
MNKD,
MNMD,
MNOV,
MNP,
MNPR,
MNR,
MNR$C,
MNRL,
MNRO,
MNSB,
MNSBP,
MNSO,
MNST,
MNTK,
MNTX,
MO,
MOAT,
MOD,
MODN,
MODV,
MOFG,
MOG.A,
MOG.B,
MOGO,
MOGU,
MOH,
MOHO,
MOMO,
MON,
MONCU,
MONCW,
MOO,
MOON,
MOR,
MORF,
MORN,
MORT,
MOS,
MOSY,
MOTI,
MOTN,
MOTNU,
MOTNW,
MOTO,
MOTS,
MOTV,
MOTV.U,
MOTV.W,
MOV,
MOVE,
MOXC,
MP,
MP.W,
MPA,
MPAA,
MPACU,
MPB,
MPC,
MPLN,
MPLN.W,
MPLX,
MPRO,
MPV,
MPW,
MPWR,
MPX,
MQT,
MQY,
MRAC,
MRACU,
MRACW,
MRAD,
MRAM,
MRBK,
MRC,
MRCC,
MRCY,
MREO,
MRGR,
MRIN,
MRK,
MRK.V,
MRKR,
MRLN,
MRM,
MRNA,
MRNS,
MRO,
MRSK,
MRSN,
MRTN,
MRTX,
MRUS,
MRVI,
MRVL,
MS,
MS$A,
MS$E,
MS$F,
MS$I,
MS$K,
MS$L,
MSA,
MSAC,
MSACW,
MSB,
MSBI,
MSC,
MSCI,
MSD,
MSDA,
MSDAU,
MSDAW,
MSEX,
MSFT,
MSGE,
MSGM,
MSGN,
MSGS,
MSI,
MSM,
MSN,
MSON,
MSOS,
MSP,
MSTB,
MSTR,
MSVB,
MSVX,
MT,
MTA,
MTAC,
MTACU,
MTACW,
MTB,
MTBC,
MTBCP,
MTC,
MTCH,
MTCN,
MTCR,
MTD,
MTDR,
MTEM,
MTEX,
MTG,
MTGP,
MTH,
MTL,
MTL$,
MTLS,
MTN,
MTNB,
MTOR,
MTP,
MTR,
MTRN,
MTRX,
MTSI,
MTSL,
MTUL,
MTUM,
MTW,
MTX,
MTZ,
MU,
MUA,
MUB,
MUC,
MUDS,
MUDSU,
MUDSW,
MUE,
MUFG,
MUI,
MUJ,
MUNI,
MUR,
MUSA,
MUST,
MUX,
MVBF,
MVF,
MVIS,
MVO,
MVP,
MVRL,
MVT,
MVV,
MWA,
MX,
MXC,
MXDU,
MXE,
MXF,
MXI,
MXIM,
MXL,
MYC,
MYD,
MYE,
MYFW,
MYGN,
MYI,
MYJ,
MYMD,
MYN,
MYO,
MYOV,
MYRG,
MYSZ,
MYT,
MYTE,
MYY,
MZZ,
NAAC,
NAACU,
NAACW,
NAC,
NACP,
NAD,
NAII,
NAIL,
NAK,
NAKD,
NAN,
NANR,
NAOV,
NAPA,
NAPR,
NARI,
NAT,
NATH,
NATI,
NATR,
NAV,
NAV$D,
NAVB,
NAVI,
NAZ,
NBA,
NBA.U,
NBA.W,
NBB,
NBEV,
NBH,
NBHC,
NBIX,
NBN,
NBO,
NBR,
NBRV,
NBSE,
NBST,
NBSTU,
NBSTW,
NBTB,
NBTX,
NBW,
NBXG,
NBY,
NC,
NCA,
NCBS,
NCLH,
NCMI,
NCNA,
NCNO,
NCR,
NCSM,
NCTY,
NCV,
NCV$A,
NCZ,
NCZ$A,
NDAC,
NDACU,
NDACW,
NDAQ,
NDLS,
NDMO,
NDP,
NDRA,
NDRAW,
NDSN,
NEA,
NEAR,
NEBC,
NEBCU,
NEBCW,
NEE,
NEE$K,
NEE$N,
NEE$O,
NEE$P,
NEE$Q,
NEGG,
NEM,
NEN,
NEO,
NEOG,
NEON,
NEP,
NEPH,
NEPT,
NERD,
NERV,
NES,
NESR,
NESRW,
NET,
NETE,
NETI,
NETL,
NEU,
NEV,
NEW,
NEWA,
NEWP,
NEWR,
NEWT,
NEWTL,
NEWTZ,
NEX,
NEXA,
NEXI,
NEXT,
NFBK,
NFE,
NFG,
NFH,
NFH.W,
NFJ,
NFLT,
NFLX,
NFRA,
NFTY,
NG,
NGAB,
NGAB.U,
NGAB.W,
NGAC,
NGACU,
NGACW,
NGC,
NGC.U,
NGC.W,
NGCA,
NGCAU,
NGCAW,
NGD,
NGE,
NGG,
NGL,
NGL$B,
NGL$C,
NGM,
NGMS,
NGS,
NGVC,
NGVT,
NH,
NHC,
NHF,
NHF$A,
NHI,
NHIC,
NHICU,
NHICW,
NHS,
NHTC,
NI,
NI$B,
NIB,
NICE,
NICK,
NID,
NIE,
NIFE,
NIM,
NIMC,
NINE,
NIO,
NIQ,
NISN,
NIU,
NJAN,
NJR,
NJUL,
NKE,
NKG,
NKLA,
NKSH,
NKTR,
NKTX,
NKX,
NL,
NLOK,
NLR,
NLS,
NLSN,
NLSP,
NLSPW,
NLTX,
NLY,
NLY$F,
NLY$G,
NLY$I,
NM,
NM$G,
NM$H,
NMCO,
NMFC,
NMG,
NMI,
NMIH,
NMK$B,
NMK$C,
NML,
NMM,
NMMC,
NMMCU,
NMMCW,
NMR,
NMRD,
NMRK,
NMS,
NMT,
NMTC,
NMTR,
NMZ,
NNA,
NNBR,
NNDM,
NNI,
NNN,
NNN$F,
NNOX,
NNVC,
NNY,
NOA,
NOAC,
NOACU,
NOACW,
NOAH,
NOBL,
NOC,
NOCT,
NODK,
NOG,
NOK,
NOM,
NOMD,
NORW,
NOTV,
NOV,
NOVA,
NOVN,
NOVT,
NOW,
NP,
NPCE,
NPCT,
NPK,
NPO,
NPTN,
NPV,
NQP,
NR,
NRAC,
NRACU,
NRACW,
NRBO,
NRC,
NREF,
NREF$A,
NRG,
NRGD,
NRGU,
NRGX,
NRIM,
NRIX,
NRK,
NRO,
NRP,
NRT,
NRUC,
NRXP,
NRXPW,
NRZ,
NRZ$A,
NRZ$B,
NRZ$C,
NS,
NS$A,
NS$B,
NS$C,
NSA,
NSA$A,
NSC,
NSEC,
NSH,
NSH.U,
NSH.W,
NSIT,
NSL,
NSP,
NSPR,
NSPR.B,
NSPR.W,
NSS,
NSSC,
NSTB,
NSTB.U,
NSTB.W,
NSTC,
NSTC.U,
NSTC.W,
NSTD,
NSTD.U,
NSTD.W,
NSTG,
NSYS,
NTAP,
NTB,
NTCO,
NTCT,
NTEC,
NTES,
NTEST,
NTEST.A,
NTEST.B,
NTEST.C,
NTG,
NTGR,
NTIC,
NTIP,
NTLA,
NTNX,
NTP,
NTR,
NTRA,
NTRS,
NTRSO,
NTSE,
NTSI,
NTST,
NTSX,
NTUS,
NTWK,
NTZ,
NUAG,
NUAN,
NUBD,
NUDM,
NUE,
NUEM,
NUGT,
NUHY,
NULC,
NULG,
NULV,
NUMG,
NUMV,
NUO,
NURE,
NURO,
NUS,
NUSA,
NUSC,
NUSI,
NUV,
NUVA,
NUVB,
NUVB.W,
NUW,
NUWE,
NUZE,
NVAX,
NVCN,
NVCR,
NVDA,
NVEC,
NVEE,
NVFY,
NVG,
NVGS,
NVIV,
NVMI,
NVMZ,
NVO,
NVOS,
NVQ,
NVR,
NVRO,
NVS,
NVSA,
NVSAU,
NVSAW,
NVST,
NVT,
NVTA,
NVVE,
NVVEW,
NWBI,
NWE,
NWFL,
NWG,
NWHM,
NWL,
NWLI,
NWN,
NWPX,
NWS,
NWSA,
NX,
NXC,
NXE,
NXGN,
NXJ,
NXN,
NXP,
NXPI,
NXQ,
NXR,
NXRT,
NXST,
NXTC,
NXTD,
NXTG,
NXU,
NXU.U,
NXU.W,
NYC,
NYCB,
NYCB$A,
NYCB$U,
NYF,
NYMT,
NYMTM,
NYMTN,
NYMTO,
NYMTP,
NYMX,
NYT,
NZF,
O,
OACB,
OACB.U,
OACB.W,
OAK$A,
OAK$B,
OAS,
OBAS,
OBCI,
OBLG,
OBLN,
OBNK,
OBOR,
OBSV,
OC,
OCA,
OCA.U,
OCA.W,
OCAX,
OCAXU,
OCAXW,
OCC,
OCCI,
OCCIO,
OCCIP,
OCDX,
OCFC,
OCFCP,
OCFT,
OCG,
OCGN,
OCIO,
OCN,
OCSL,
OCTZ,
OCUL,
OCUP,
OCX,
ODC,
ODFL,
ODP,
ODT,
OEC,
OEF,
OEG,
OEPW,
OEPWU,
OEPWW,
OESX,
OEUR,
OFC,
OFED,
OFG,
OFG$D,
OFIX,
OFLX,
OFS,
OFSSG,
OFSSI,
OG,
OGCP,
OGE,
OGEN,
OGI,
OGIG,
OGN.V,
OGS,
OHI,
OHPA,
OHPAU,
OHPAW,
OI,
OIA,
OIBR.C,
OIH,
OII,
OIIM,
OIL,
OILK,
OIS,
OKE,
OKTA,
OLB,
OLD,
OLED,
OLK,
OLLI,
OLMA,
OLN,
OLO,
OLP,
OM,
OMAB,
OMC,
OMCL,
OMEG,
OMER,
OMEX,
OMF,
OMFL,
OMFS,
OMI,
OMIC,
OMP,
ON,
ONB,
ONCR,
ONCS,
ONCT,
ONCY,
ONDS,
ONE,
ONEM,
ONEO,
ONEQ,
ONEV,
ONEW,
ONEY,
ONLN,
ONOF,
ONTF,
ONTO,
ONTX,
ONTXW,
ONVO,
OOMA,
OPA,
OPA.U,
OPA.W,
OPBK,
OPCH,
OPEN,
OPENW,
OPER,
OPGN,
OPHC,
OPI,
OPINI,
OPINL,
OPK,
OPNT,
OPOF,
OPP,
OPP$A,
OPPX,
OPRA,
OPRT,
OPRX,
OPT,
OPTN,
OPTT,
OPY,
OR,
ORA,
ORAN,
ORBC,
ORC,
ORCC,
ORCL,
ORGO,
ORGS,
ORI,
ORIAU,
ORIC,
ORLA,
ORLY,
ORMP,
ORN,
ORPH,
ORRF,
ORTX,
OSAT,
OSATW,
OSBC,
OSCR,
OSCV,
OSG,
OSH,
OSI.U,
OSIS,
OSK,
OSMT,
OSN,
OSPN,
OSS,
OSTK,
OSTR,
OSTRU,
OSTRW,
OSUR,
OSW,
OTECU,
OTEX,
OTIC,
OTIS,
OTLK,
OTLKW,
OTLY,
OTRA,
OTRAU,
OTRAW,
OTRK,
OTRKP,
OTTR,
OUNZ,
OUSA,
OUSM,
OUST,
OUST.W,
OUT,
OVB,
OVBC,
OVF,
OVID,
OVL,
OVLH,
OVLY,
OVM,
OVS,
OVT,
OVV,
OWL,
OWL.W,
OXBR,
OXBRW,
OXLC,
OXLCL,
OXLCM,
OXLCP,
OXM,
OXSQ,
OXSQG,
OXSQL,
OXSQZ,
OXY,
OXY.W,
OYST,
OZK,
OZON,
PAA,
PAAS,
PAB,
PAC,
PACB,
PACE,
PACE.U,
PACE.W,
PACK,
PACW,
PACX,
PACXU,
PACXW,
PAE,
PAEWW,
PAG,
PAGP,
PAGS,
PAHC,
PAI,
PAIC,
PAICU,
PAICW,
PAK,
PALC,
PALI,
PALL,
PAM,
PAMC,
PANA,
PANL,
PANW,
PAPR,
PAQC,
PAQCU,
PAQCW,
PAR,
PARR,
PASG,
PATH,
PATI,
PATK,
PAUG,
PAVE,
PAVM,
PAVMW,
PAVMZ,
PAWZ,
PAX,
PAY,
PAYA,
PAYAW,
PAYC,
PAYS,
PAYX,
PB,
PBA,
PBC,
PBCT,
PBCTP,
PBD,
PBDM,
PBE,
PBEE,
PBF,
PBFS,
PBFX,
PBH,
PBHC,
PBI,
PBI$B,
PBIP,
PBJ,
PBLA,
PBND,
PBP,
PBPB,
PBR,
PBR.A,
PBS,
PBSM,
PBT,
PBTP,
PBTS,
PBUS,
PBW,
PBY,
PBYI,
PCAR,
PCB,
PCEF,
PCF,
PCG,
PCG$A,
PCG$B,
PCG$C,
PCG$D,
PCG$E,
PCG$G,
PCG$H,
PCG$I,
PCGU,
PCH,
PCI,
PCK,
PCM,
PCN,
PCOM,
PCOR,
PCPC,
PCPC.U,
PCPC.W,
PCQ,
PCRX,
PCSA,
PCSB,
PCT,
PCTI,
PCTTU,
PCTTW,
PCTY,
PCVX,
PCY,
PCYG,
PCYO,
PD,
PDAC,
PDAC.U,
PDAC.W,
PDBC,
PDCE,
PDCO,
PDD,
PDEC,
PDEV,
PDEX,
PDFS,
PDI,
PDLB,
PDM,
PDN,
PDO,
PDOT,
PDOT.U,
PDOT.W,
PDP,
PDS,
PDSB,
PDT,
PEAK,
PEB,
PEB$C,
PEB$D,
PEB$E,
PEB$F,
PEB$G,
PEBK,
PEBO,
PED,
PEG,
PEGA,
PEI,
PEI$B,
PEI$C,
PEI$D,
PEJ,
PEN,
PENN,
PEO,
PEP,
PERI,
PESI,
PETQ,
PETS,
PETZ,
PEX,
PEXL,
PEY,
PEZ,
PFBC,
PFBI,
PFC,
PFD,
PFDR,
PFDRU,
PFDRW,
PFE,
PFEB,
PFF,
PFFA,
PFFD,
PFFL,
PFFR,
PFFV,
PFG,
PFGC,
PFH,
PFHD,
PFI,
PFIE,
PFIG,
PFIN,
PFIS,
PFIX,
PFL,
PFLD,
PFLT,
PFM,
PFMT,
PFN,
PFO,
PFPT,
PFS,
PFSI,
PFSW,
PFUT,
PFX,
PFXF,
PFXNL,
PG,
PGAL,
PGC,
PGEN,
PGF,
PGHY,
PGJ,
PGM,
PGNY,
PGP,
PGR,
PGRE,
PGRO,
PGRW,
PGRWU,
PGRWW,
PGTI,
PGX,
PGZ,
PH,
PHAR,
PHAS,
PHAT,
PHB,
PHCF,
PHD,
PHDG,
PHG,
PHGE,
PHGE.U,
PHGE.W,
PHI,
PHIC,
PHICU,
PHICW,
PHIO,
PHIOW,
PHK,
PHM,
PHO,
PHR,
PHT,
PHUN,
PHUNW,
PHVS,
PHX,
PHYL,
PHYS,
PI,
PIAI,
PIAI.U,
PIAI.W,
PICB,
PICC,
PICC.U,
PICC.W,
PICK,
PID,
PIE,
PIFI,
PII,
PILL,
PIM,
PIN,
PINC,
PINE,
PING,
PINS,
PIO,
PIPP,
PIPP.U,
PIPP.W,
PIPR,
PIRS,
PIXY,
PIZ,
PJAN,
PJP,
PJT,
PJUL,
PJUN,
PK,
PKB,
PKBK,
PKE,
PKG,
PKI,
PKO,
PKOH,
PKW,
PKX,
PLAB,
PLAG,
PLAN,
PLAT,
PLAY,
PLBC,
PLBY,
PLCE,
PLD,
PLDR,
PLG,
PLIN,
PLL,
PLM,
PLMI,
PLMIU,
PLMIW,
PLMR,
PLNT,
PLOW,
PLPC,
PLRG,
PLRX,
PLSE,
PLTK,
PLTL,
PLTM,
PLTR,
PLUG,
PLUS,
PLW,
PLX,
PLXP,
PLXS,
PLYA,
PLYM,
PLYM$A,
PM,
PMAR,
PMAY,
PMBC,
PMD,
PME,
PMF,
PMGM,
PMGMU,
PMGMW,
PML,
PMM,
PMO,
PMT,
PMT$A,
PMT$B,
PMVC,
PMVC.U,
PMVC.W,
PMVP,
PMX,
PNBK,
PNC,
PNC$P,
PNF,
PNFP,
PNFPP,
PNI,
PNM,
PNNT,
PNNTG,
PNOV,
PNQI,
PNR,
PNRG,
PNTG,
PNTM,
PNTM.U,
PNTM.W,
PNW,
POAI,
POCT,
PODD,
POLA,
POLY,
POND.U,
POOL,
POR,
POSH,
POST,
POTX,
POW,
POWI,
POWL,
POWRU,
POWRW,
POWW,
POWWP,
PPA,
PPBI,
PPBT,
PPC,
PPD,
PPG,
PPGH,
PPGHU,
PPGHW,
PPH,
PPIH,
PPL,
PPLT,
PPR,
PPSI,
PPT,
PPTA,
PPTY,
PPX,
PQDI,
PQG,
PQIN,
PQLC,
PQSG,
PQSV,
PRA,
PRAA,
PRAH,
PRAX,
PRCH,
PRDO,
PRE$J,
PREF,
PRF,
PRFT,
PRFX,
PRFZ,
PRG,
PRGO,
PRGS,
PRI,
PRIF$A,
PRIF$C,
PRIF$D,
PRIF$E,
PRIF$F,
PRIF$G,
PRIF$H,
PRIM,
PRK,
PRLB,
PRLD,
PRMW,
PRN,
PRNT,
PRO,
PROF,
PROG,
PROS,
PROV,
PRPB,
PRPB.U,
PRPB.W,
PRPC,
PRPC.U,
PRPC.W,
PRPH,
PRPL,
PRPO,
PRQR,
PRS,
PRSR,
PRSRU,
PRSRW,
PRT,
PRTA,
PRTC,
PRTG,
PRTH,
PRTK,
PRTS,
PRTY,
PRU,
PRVA,
PRVB,
PSA,
PSA$C,
PSA$D,
PSA$E,
PSA$F,
PSA$G,
PSA$H,
PSA$I,
PSA$J,
PSA$K,
PSA$L,
PSA$M,
PSA$N,
PSA$O,
PSAC,
PSACU,
PSACW,
PSAG,
PSAGU,
PSAGW,
PSB,
PSB$W,
PSB$X,
PSB$Y,
PSB$Z,
PSC,
PSCC,
PSCD,
PSCE,
PSCF,
PSCH,
PSCI,
PSCM,
PSCT,
PSCU,
PSCW,
PSCX,
PSEC,
PSEP,
PSET,
PSF,
PSFD,
PSFE,
PSFE.W,
PSFF,
PSFM,
PSHG,
PSI,
PSJ,
PSK,
PSL,
PSLV,
PSMB,
PSMC,
PSMD,
PSMG,
PSMM,
PSMR,
PSMT,
PSN,
PSNL,
PSO,
PSP,
PSPC.U,
PSQ,
PSR,
PST,
PSTG,
PSTH,
PSTH.W,
PSTI,
PSTL,
PSTV,
PSTX,
PSX,
PSXP,
PSY,
PT,
PTA,
PTBD,
PTC,
PTCT,
PTE,
PTEN,
PTEU,
PTF,
PTGX,
PTH,
PTIC,
PTICU,
PTICW,
PTIN,
PTIX,
PTIXW,
PTK,
PTK.U,
PTK.W,
PTLC,
PTMC,
PTMN,
PTN,
PTNQ,
PTNR,
PTOC,
PTOCU,
PTOCW,
PTON,
PTPI,
PTR,
PTRS,
PTSI,
PTVE,
PTY,
PUBM,
PUCK,
PUCKU,
PUCKW,
PUI,
PUK,
PUK$,
PUK$A,
PULM,
PULS,
PUMP,
PUTW,
PUYI,
PV,
PV.U,
PV.W,
PVAC,
PVAL,
PVBC,
PVG,
PVH,
PVI,
PVL,
PW,
PW$A,
PWB,
PWC,
PWFL,
PWOD,
PWR,
PWS,
PWV,
PWZ,
PXD,
PXE,
PXF,
PXH,
PXI,
PXJ,
PXLW,
PXQ,
PXS,
PXSAP,
PXSAW,
PXUS,
PY,
PYN,
PYPD,
PYPE,
PYPL,
PYR,
PYS,
PYT,
PYZ,
PZA,
PZC,
PZG,
PZN,
PZT,
PZZA,
QABA,
QADA,
QADB,
QAI,
QARP,
QAT,
QCLN,
QCOM,
QCON,
QCRH,
QD,
QDEC,
QDEF,
QDEL,
QDF,
QDIV,
QDYN,
QED,
QEFA,
QELL,
QELLU,
QELLW,
QEMM,
QFIN,
QFTA,
QFTA.U,
QFTA.W,
QGEN,
QGRO,
QH,
QID,
QINT,
QIPT,
QIWI,
QK,
QLC,
QLD,
QLGN,
QLI,
QLS,
QLTA,
QLV,
QLVD,
QLVE,
QLYS,
QMAR,
QMCO,
QMJ,
QMN,
QMOM,
QNST,
QPFF,
QPT,
QPX,
QQC,
QQD,
QQEW,
QQH,
QQQ,
QQQA,
QQQE,
QQQJ,
QQQM,
QQQN,
QQQX,
QQXT,
QRFT,
QRHC,
QRTEA,
QRTEB,
QRTEP,
QRVO,
QS,
QS.W,
QSR,
QSY,
QTAP,
QTEC,
QTNT,
QTRX,
QTS,
QTS$A,
QTS$B,
QTT,
QTUM,
QTWO,
QUAD,
QUAL,
QUIK,
QULL,
QUMU,
QUOT,
QURE,
QUS,
QVAL,
QVCC,
QVCD,
QWLD,
QYLD,
QYLG,
R,
RA,
RAAC,
RAACU,
RAACW,
RAAS,
RAAX,
RACA,
RACB,
RACE,
RAD,
RADA,
RADI,
RAFE,
RAIL,
RAIN,
RALS,
RAMMU,
RAMP,
RAND,
RAPT,
RARE,
RAVE,
RAVI,
RAVN,
RAYC,
RBA,
RBAC,
RBAC.U,
RBAC.W,
RBB,
RBBN,
RBC,
RBCAA,
RBCN,
RBIN,
RBKB,
RBLX,
RBNC,
RBND,
RBUS,
RC,
RC$B,
RC$C,
RC$D,
RCA,
RCAT,
RCB,
RCC,
RCD,
RCEL,
RCG,
RCHG,
RCHGU,
RCHGW,
RCI,
RCII,
RCKT,
RCKY,
RCL,
RCLF,
RCLFU,
RCLFW,
RCM,
RCMT,
RCON,
RCS,
RCUS,
RDCM,
RDFI,
RDFN,
RDHL,
RDI,
RDIB,
RDIV,
RDN,
RDNT,
RDOG,
RDS.A,
RDS.B,
RDUS,
RDVT,
RDVY,
RDWR,
RDY,
RE,
REAL,
REC,
RECS,
REDU,
REED,
REET,
REFR,
REG,
REGI,
REGL,
REGN,
REI,
REIT,
REK,
REKR,
RELI,
RELIW,
RELL,
RELX,
REM,
REML,
REMX,
RENN,
REPH,
REPL,
REPX,
RES,
RESD,
RESE,
RESN,
RESP,
RETA,
RETL,
RETO,
REV,
REVG,
REVH,
REVHU,
REVHW,
REVS,
REW,
REX,
REXR,
REXR$A,
REXR$B,
REXR$C,
REYN,
REZ,
REZI,
RF,
RF$A,
RF$B,
RF$C,
RF$E,
RFAP,
RFCI,
RFDA,
RFDI,
RFEM,
RFEU,
RFFC,
RFG,
RFI,
RFIL,
RFL,
RFM,
RFMZ,
RFP,
RFUN,
RFV,
RGA,
RGCO,
RGEN,
RGI,
RGLD,
RGLS,
RGNX,
RGP,
RGR,
RGS,
RGT,
RH,
RHE,
RHE$A,
RHI,
RHP,
RHS,
RIBT,
RICE,
RICE.U,
RICE.W,
RICK,
RIDE,
RIG,
RIGL,
RIGS,
RILY,
RILYG,
RILYH,
RILYI,
RILYK,
RILYL,
RILYM,
RILYN,
RILYO,
RILYP,
RILYT,
RINF,
RING,
RIO,
RIOT,
RISN,
RIV,
RIVE,
RJA,
RJF,
RJI,
RJN,
RJZ,
RKDA,
RKT,
RKTA,
RKTA.U,
RKTA.W,
RL,
RLAY,
RLGT,
RLGY,
RLI,
RLJ,
RLJ$A,
RLMD,
RLX,
RLY,
RM,
RMAX,
RMBI,
RMBL,
RMBS,
RMCF,
RMD,
RMED,
RMGB,
RMGBU,
RMGBW,
RMGC,
RMGCU,
RMGCW,
RMI,
RMM,
RMNI,
RMO,
RMPL$,
RMR,
RMRM,
RMT,
RMTI,
RNA,
RNDB,
RNDM,
RNDV,
RNEM,
RNG,
RNGR,
RNLC,
RNLX,
RNMC,
RNP,
RNR,
RNR$E,
RNR$F,
RNRG,
RNSC,
RNST,
RNWK,
ROAD,
ROAM,
ROBO,
ROBT,
ROCC,
ROCCU,
ROCCW,
ROCK,
ROCR,
ROCRU,
ROCRW,
RODE,
RODI,
RODM,
ROG,
ROIC,
ROK,
ROKT,
ROKU,
ROL,
ROLL,
ROM,
ROMO,
ROOF,
ROOT,
ROP,
RORO,
ROSC,
ROSS,
ROSS.U,
ROSS.W,
ROST,
ROT,
ROT.U,
ROT.W,
ROUS,
RPAI,
RPAR,
RPAY,
RPD,
RPG,
RPHM,
RPM,
RPRX,
RPT,
RPT$D,
RPTX,
RPV,
RQI,
RRBI,
RRC,
RRD,
RRGB,
RRR,
RS,
RSF,
RSG,
RSI,
RSP,
RSSS,
RSVA,
RSVAU,
RSVAW,
RSX,
RSXJ,
RTAI,
RTH,
RTLR,
RTM,
RTP,
RTP.U,
RTP.W,
RTPY,
RTPYU,
RTPYW,
RTPZ,
RTPZ.U,
RTPZ.W,
RTX,
RUBY,
RUN,
RUSHA,
RUSHB,
RUSL,
RUTH,
RVI,
RVLV,
RVMD,
RVNC,
RVNU,
RVP,
RVPH,
RVPHW,
RVSB,
RVT,
RWGV,
RWJ,
RWK,
RWL,
RWLK,
RWM,
RWO,
RWR,
RWT,
RWVG,
RWX,
RXD,
RXDX,
RXI,
RXL,
RXN,
RXRA,
RXRAU,
RXRAW,
RXRX,
RXT,
RY,
RY$T,
RYAAY,
RYAM,
RYB,
RYE,
RYF,
RYH,
RYI,
RYJ,
RYLD,
RYN,
RYT,
RYTM,
RYU,
RZA,
RZB,
RZG,
RZLT,
RZV,
SA,
SAA,
SABR,
SABRP,
SACC,
SACH,
SAF,
SAFE,
SAFM,
SAFT,
SAGE,
SAH,
SAIA,
SAIC,
SAII,
SAIIU,
SAIIW,
SAIL,
SAK,
SAL,
SALM,
SAM,
SAMG,
SAN,
SANA,
SAND,
SANM,
SANW,
SAP,
SAR,
SASR,
SATS,
SAVA,
SAVE,
SB,
SB$C,
SB$D,
SBAC,
SBB,
SBBA,
SBBP,
SBCF,
SBEA,
SBEAU,
SBEAW,
SBFG,
SBG,
SBG.U,
SBG.W,
SBGI,
SBH,
SBI,
SBII,
SBII.U,
SBII.W,
SBIO,
SBLK,
SBLKZ,
SBM,
SBNY,
SBNYP,
SBOW,
SBR,
SBRA,
SBS,
SBSI,
SBSW,
SBT,
SBTX,
SBUG,
SBUX,
SC,
SCAQ,
SCAQU,
SCAQW,
SCC,
SCCB,
SCCC,
SCCO,
SCD,
SCDL,
SCE$G,
SCE$H,
SCE$J,
SCE$K,
SCE$L,
SCHA,
SCHB,
SCHC,
SCHD,
SCHE,
SCHF,
SCHG,
SCHH,
SCHI,
SCHJ,
SCHK,
SCHL,
SCHM,
SCHN,
SCHO,
SCHP,
SCHQ,
SCHR,
SCHV,
SCHW,
SCHW$D,
SCHW$J,
SCHX,
SCHY,
SCHZ,
SCI,
SCJ,
SCKT,
SCL,
SCLE,
SCLEU,
SCLEW,
SCM,
SCO,
SCOA,
SCOAU,
SCOAW,
SCOB,
SCOBU,
SCOBW,
SCOR,
SCPE,
SCPE.U,
SCPE.W,
SCPH,
SCPL,
SCPS,
SCR,
SCS,
SCSC,
SCU,
SCVL,
SCVX,
SCVX.U,
SCVX.W,
SCWX,
SCX,
SCYX,
SCZ,
SD,
SDAC,
SDACU,
SDACW,
SDC,
SDCI,
SDD,
SDEF,
SDEI,
SDEM,
SDG,
SDGA,
SDGR,
SDH,
SDHY,
SDIV,
SDOG,
SDOW,
SDP,
SDPI,
SDS,
SDVY,
SDY,
SE,
SEAC,
SEAH,
SEAH.U,
SEAH.W,
SEAS,
SEB,
SECO,
SECT,
SEDG,
SEE,
SEED,
SEEL,
SEER,
SEF,
SEIC,
SEIX,
SELB,
SELF,
SEM,
SEMR,
SENEA,
SENEB,
SENS,
SENT,
SEPZ,
SESN,
SF,
SF$A,
SF$B,
SF$C,
SFB,
SFBC,
SFBS,
SFE,
SFET,
SFHY,
SFIG,
SFIX,
SFL,
SFM,
SFNC,
SFST,
SFT,
SFTW,
SFTW.U,
SFTW.W,
SFUN,
SFY,
SFYF,
SFYX,
SGA,
SGAM,
SGAMU,
SGAMW,
SGBX,
SGC,
SGDJ,
SGDM,
SGEN,
SGFY,
SGG,
SGH,
SGLB,
SGLBW,
SGMA,
SGMO,
SGMS,
SGOC,
SGOL,
SGOV,
SGRP,
SGRY,
SGTX,
SGU,
SH,
SHAC,
SHACU,
SHACW,
SHAG,
SHAK,
SHBI,
SHC,
SHE,
SHEN,
SHG,
SHI,
SHIP,
SHIPW,
SHIPZ,
SHLD,
SHLS,
SHLX,
SHM,
SHO,
SHO$E,
SHO$F,
SHO$H,
SHOO,
SHOP,
SHSP,
SHV,
SHW,
SHY,
SHYD,
SHYF,
SHYG,
SHYL,
SI,
SIBN,
SIC,
SID,
SIEB,
SIEN,
SIF,
SIFY,
SIG,
SIGA,
SIGI,
SIGIP,
SII,
SIJ,
SIL,
SILC,
SILJ,
SILK,
SILV,
SIM,
SIMO,
SIMS,
SINO,
SINT,
SIOX,
SIRI,
SITC,
SITC$A,
SITE,
SITM,
SIVB,
SIVBP,
SIVR,
SIX,
SIXA,
SIXH,
SIXL,
SIXS,
SIZE,
SJ,
SJB,
SJI,
SJIJ,
SJIV,
SJM,
SJNK,
SJR,
SJT,
SJW,
SKF,
SKIN,
SKINW,
SKLZ,
SKLZ.W,
SKM,
SKOR,
SKT,
SKX,
SKY,
SKYAU,
SKYT,
SKYU,
SKYW,
SKYY,
SLAB,
SLAC,
SLAC.U,
SLAC.W,
SLAM,
SLAMU,
SLAMW,
SLB,
SLCA,
SLCR,
SLCRU,
SLCRW,
SLCT,
SLDB,
SLF,
SLG,
SLG$I,
SLGG,
SLGL,
SLGN,
SLM,
SLMBP,
SLN,
SLNG,
SLNO,
SLP,
SLQD,
SLQT,
SLRC,
SLRX,
SLS,
SLT,
SLV,
SLVO,
SLVP,
SLX,
SLY,
SLYG,
SLYV,
SM,
SMAR,
SMB,
SMBC,
SMBK,
SMCI,
SMCP,
SMDD,
SMDV,
SMDY,
SMED,
SMFG,
SMG,
SMH,
SMHB,
SMHI,
SMID,
SMIN,
SMIT,
SMLE,
SMLF,
SMLP,
SMLV,
SMM,
SMMD,
SMMF,
SMMT,
SMMU,
SMMV,
SMN,
SMOG,
SMP,
SMPL,
SMSI,
SMTC,
SMTI,
SMTS,
SMWB,
SNA,
SNAP,
SNBR,
SNCR,
SNCY,
SND,
SNDL,
SNDR,
SNDX,
SNES,
SNEX,
SNFCA,
SNGX,
SNGXW,
SNII,
SNII.U,
SNII.W,
SNLN,
SNMP,
SNN,
SNOA,
SNOW,
SNP,
SNPE,
SNPR,
SNPR.U,
SNPR.W,
SNPS,
SNR,
SNRH,
SNRHU,
SNRHW,
SNSE,
SNSR,
SNUG,
SNV,
SNV$D,
SNV$E,
SNX,
SNY,
SO,
SOAC,
SOAC.U,
SOAC.W,
SOCL,
SOFI,
SOFIW,
SOGO,
SOGU,
SOHO,
SOHOB,
SOHON,
SOHOO,
SOHU,
SOI,
SOJB,
SOJC,
SOJD,
SOJE,
SOL,
SOLN,
SOLO,
SOLOW,
SOLY,
SON,
SONM,
SONN,
SONO,
SONY,
SOR,
SOS,
SOXL,
SOXS,
SOXX,
SOYB,
SP,
SPAB,
SPAK,
SPAQ,
SPAQ.U,
SPAQ.W,
SPB,
SPBC,
SPBO,
SPCB,
SPCE,
SPCX,
SPD,
SPDN,
SPDV,
SPDW,
SPE,
SPE$B,
SPEM,
SPEU,
SPFF,
SPFI,
SPFR,
SPFR.U,
SPFR.W,
SPG,
SPG$J,
SPGI,
SPGM,
SPGP,
SPGS,
SPGS.U,
SPGS.W,
SPH,
SPHB,
SPHD,
SPHQ,
SPHY,
SPI,
SPIB,
SPIP,
SPKB,
SPKBU,
SPKBW,
SPKE,
SPKEP,
SPLB,
SPLG,
SPLK,
SPLP,
SPLP$A,
SPLV,
SPMB,
SPMD,
SPMO,
SPMV,
SPNE,
SPNS,
SPNT,
SPNV,
SPNV.U,
SPNV.W,
SPOK,
SPOT,
SPPI,
SPPP,
SPQQ,
SPR,
SPRB,
SPRE,
SPRO,
SPRQ,
SPRQ.U,
SPRQ.W,
SPRT,
SPSB,
SPSC,
SPSK,
SPSM,
SPT,
SPTI,
SPTK,
SPTKU,
SPTKW,
SPTL,
SPTM,
SPTN,
SPTS,
SPUC,
SPUS,
SPUU,
SPVM,
SPVU,
SPWH,
SPWR,
SPXB,
SPXC,
SPXE,
SPXL,
SPXN,
SPXS,
SPXT,
SPXU,
SPXV,
SPXX,
SPXZ,
SPY,
SPYC,
SPYD,
SPYG,
SPYV,
SPYX,
SQ,
SQBG,
SQEW,
SQFT,
SQLV,
SQM,
SQNS,
SQQQ,
SQSP,
SQZ,
SR,
SR$A,
SRAC,
SRACU,
SRACW,
SRAX,
SRC,
SRC$A,
SRCE,
SRCL,
SRDX,
SRE,
SRE$B,
SREA,
SRET,
SREV,
SRG,
SRG$A,
SRGA,
SRI,
SRL,
SRLN,
SRLP,
SRNE,
SRNG,
SRNGU,
SRNGW,
SRPT,
SRRA,
SRRK,
SRS,
SRSA,
SRSAU,
SRSAW,
SRT,
SRTS,
SRTY,
SRV,
SRVR,
SSAA,
SSAAU,
SSAAW,
SSB,
SSBI,
SSD,
SSG,
SSKN,
SSL,
SSLY,
SSNC,
SSNT,
SSO,
SSP,
SSPK,
SSPKU,
SSPKW,
SSPY,
SSRM,
SSSS,
SSTI,
SSTK,
SSUS,
SSY,
SSYS,
ST,
STAA,
STAF,
STAG,
STAR,
STAR$D,
STAR$G,
STAR$I,
STAY,
STBA,
STC,
STCN,
STE,
STEM,
STEM.W,
STEP,
STFC,
STG,
STIM,
STIP,
STK,
STKL,
STKS,
STL,
STL$A,
STLA,
STLC,
STLD,
STLG,
STLV,
STM,
STMB,
STMP,
STN,
STNC,
STNE,
STNG,
STOK,
STON,
STOR,
STOT,
STPC,
STPC.U,
STPC.W,
STPZ,
STRA,
STRE,
STRE.U,
STRE.W,
STRL,
STRM,
STRO,
STRR,
STRRP,
STRS,
STRT,
STSA,
STSB,
STT,
STT$D,
STT$G,
STTK,
STWD,
STWO,
STWOU,
STWOW,
STX,
STXB,
STXS,
STZ,
STZ.B,
SU,
SUB,
SUBZ,
SUI,
SULR,
SUM,
SUMO,
SUMR,
SUN,
SUNS,
SUNW,
SUP,
SUPN,
SUPV,
SURF,
SUSA,
SUSB,
SUSC,
SUSL,
SUZ,
SV,
SVA,
SVAC,
SVACU,
SVACW,
SVAL,
SVBI,
SVC,
SVFA,
SVFAU,
SVFAW,
SVFB,
SVFC,
SVFD,
SVM,
SVMK,
SVOK,
SVOKU,
SVOKW,
SVOL,
SVRA,
SVSVU,
SVSVW,
SVT,
SVVC,
SVXY,
SWAN,
SWAV,
SWBI,
SWBK,
SWBK.U,
SWBK.W,
SWCH,
SWET,
SWETU,
SWETW,
SWI,
SWIM,
SWIR,
SWK,
SWKH,
SWKS,
SWM,
SWN,
SWT,
SWTX,
SWX,
SWZ,
SXC,
SXI,
SXQG,
SXT,
SXTC,
SY,
SYBT,
SYBX,
SYF,
SYF$A,
SYK,
SYKE,
SYLD,
SYN,
SYNA,
SYNH,
SYNL,
SYPR,
SYRS,
SYTA,
SYTAW,
SYUS,
SYX,
SYY,
SZC,
SZK,
SZNE,
T,
T$A,
T$C,
TA,
TAAG,
TAC,
TACA,
TACA.U,
TACA.W,
TACE,
TACO,
TACT,
TADS,
TAEQ,
TAGS,
TAIL,
TAIT,
TAK,
TAL,
TALO,
TALS,
TAN,
TANH,
TANNI,
TANNL,
TANNZ,
TAOP,
TAP,
TAP.A,
TARA,
TARO,
TARS,
TAST,
TATT,
TAXF,
TAYD,
TBA,
TBB,
TBBK,
TBC,
TBCP,
TBCPU,
TBCPW,
TBF,
TBI,
TBIO,
TBJL,
TBK,
TBKCP,
TBLT,
TBLTW,
TBNK,
TBPH,
TBSA,
TBSAU,
TBSAW,
TBT,
TBX,
TC,
TCAC,
TCACU,
TCACW,
TCBI,
TCBIL,
TCBIO,
TCBIP,
TCBK,
TCDA,
TCF,
TCFC,
TCFCP,
TCHP,
TCI,
TCMD,
TCOM,
TCON,
TCPC,
TCRR,
TCS,
TCTL,
TCVA,
TCX,
TD,
TDA,
TDAC,
TDACU,
TDACW,
TDC,
TDF,
TDG,
TDI,
TDIV,
TDOC,
TDS,
TDS$U,
TDSA,
TDSB,
TDSC,
TDSD,
TDSE,
TDTF,
TDTT,
TDUP,
TDV,
TDVG,
TDW,
TDW.A,
TDW.B,
TDW.W,
TDY,
TEAF,
TEAM,
TECB,
TECH,
TECK,
TECL,
TECS,
TECTP,
TEDU,
TEF,
TEGS,
TEI,
TEKK,
TEKKU,
TEKKW,
TEL,
TELA,
TELL,
TEN,
TENB,
TENX,
TEO,
TEQI,
TER,
TERM,
TERN,
TESS,
TETC,
TETCU,
TETCW,
TEVA,
TEX,
TFC,
TFC$I,
TFC$O,
TFC$R,
TFFP,
TFI,
TFII,
TFIV,
TFJL,
TFLO,
TFLT,
TFSA,
TFSL,
TFX,
TG,
TGA,
TGB,
TGH,
TGH$A,
TGI,
TGIF,
TGLS,
TGNA,
TGP,
TGP$A,
TGP$B,
TGRW,
TGS,
TGT,
TGTX,
TH,
THBR,
THBRU,
THBRW,
THC,
THCA,
THCAU,
THCAW,
THCB,
THCBU,
THCBW,
THCX,
THD,
THFF,
THG,
THM,
THMA,
THMAU,
THMAW,
THMO,
THNQ,
THO,
THQ,
THR,
THRM,
THRY,
THS,
THTX,
THW,
THWWW,
THY,
TIG,
TIGO,
TIGR,
TIL,
TILE,
TILT,
TIMB,
TINV,
TINV.U,
TINV.W,
TIOA,
TIOAU,
TIOAW,
TIP,
TIPT,
TIPX,
TIPZ,
TIRX,
TISI,
TITN,
TIXT,
TJX,
TK,
TKAT,
TKC,
TKR,
TLC,
TLGA,
TLGA.U,
TLGA.W,
TLGT,
TLH,
TLIS,
TLK,
TLMD,
TLMDW,
TLND,
TLRY,
TLS,
TLSA,
TLT,
TLTD,
TLTE,
TLYS,
TM,
TMAC,
TMAC.U,
TMAC.W,
TMAT,
TMBR,
TMCI,
TMDI,
TMDV,
TMDX,
TME,
TMF,
TMFC,
TMHC,
TMKR,
TMKRU,
TMKRW,
TMO,
TMP,
TMPM,
TMPMU,
TMPMW,
TMQ,
TMST,
TMTS,
TMTSU,
TMTSW,
TMUS,
TMV,
TMX,
TNA,
TNC,
TNDM,
TNET,
TNK,
TNL,
TNP,
TNP$D,
TNP$E,
TNP$F,
TNXP,
TOK,
TOKE,
TOL,
TOLZ,
TOMZ,
TOPS,
TOT,
TOTL,
TOUR,
TOWN,
TPAY,
TPB,
TPC,
TPGS,
TPGY,
TPGY.U,
TPGY.W,
TPH,
TPHD,
TPHS,
TPIC,
TPIF,
TPL,
TPLC,
TPOR,
TPR,
TPSC,
TPTX,
TPVG,
TPX,
TPYP,
TPZ,
TQQQ,
TR,
TRC,
TRCA,
TRCA.U,
TRCA.W,
TRCH,
TREB,
TREB.U,
TREB.W,
TREC,
TREE,
TREX,
TRGP,
TRHC,
TRI,
TRIB,
TRIL,
TRIN,
TRIP,
TRIT,
TRITW,
TRKA,
TRKAW,
TRMB,
TRMD,
TRMK,
TRMT,
TRN,
TRND,
TRNO,
TRNS,
TROW,
TROX,
TRP,
TRQ,
TRS,
TRST,
TRT,
TRTN,
TRTN$A,
TRTN$B,
TRTN$C,
TRTN$D,
TRTX,
TRTY,
TRU,
TRUP,
TRV,
TRVG,
TRVI,
TRVN,
TRX,
TRYP,
TS,
TSBK,
TSC,
TSCAP,
TSCBP,
TSCO,
TSE,
TSEM,
TSHA,
TSI,
TSIA,
TSIAU,
TSIAW,
TSIB,
TSIBU,
TSIBW,
TSJA,
TSLA,
TSLX,
TSM,
TSN,
TSOC,
TSP,
TSPQ,
TSPQ.U,
TSPQ.W,
TSQ,
TSRI,
TT,
TTAC,
TTAI,
TTC,
TTCF,
TTD,
TTEC,
TTEK,
TTGT,
TTI,
TTM,
TTMI,
TTNP,
TTOO,
TTP,
TTT,
TTWO,
TU,
TUEM,
TUFN,
TUGCU,
TUP,
TUR,
TURN,
TUSA,
TUSK,
TUYA,
TV,
TVAC,
TVACU,
TVACW,
TVC,
TVE,
TVTX,
TVTY,
TW,
TWCT,
TWCTU,
TWCTW,
TWI,
TWIN,
TWIO,
TWLO,
TWLV,
TWLVU,
TWLVW,
TWM,
TWN,
TWND,
TWND.U,
TWND.W,
TWNI,
TWNI.U,
TWNI.W,
TWNK,
TWNKW,
TWNT,
TWNT.U,
TWNT.W,
TWO,
TWO$A,
TWO$B,
TWO$C,
TWOA,
TWOU,
TWST,
TWTR,
TX,
TXG,
TXMD,
TXN,
TXRH,
TXT,
TY,
TY$,
TYD,
TYG,
TYHT,
TYL,
TYME,
TYO,
TZA,
TZOO,
TZPS,
TZPSU,
TZPSW,
U,
UA,
UAA,
UAE,
UAL,
UAMY,
UAN,
UAPR,
UAUG,
UAVS,
UBA,
UBCP,
UBER,
UBFO,
UBOH,
UBOT,
UBP,
UBP$H,
UBP$K,
UBR,
UBS,
UBSI,
UBT,
UBX,
UCBI,
UCBIO,
UCC,
UCIB,
UCL,
UCO,
UCON,
UCTT,
UCYB,
UDEC,
UDN,
UDOW,
UDR,
UE,
UEC,
UEIC,
UEPS,
UEVM,
UFAB,
UFCS,
UFEB,
UFI,
UFO,
UFPI,
UFPT,
UFS,
UG,
UGA,
UGCE,
UGE,
UGI,
UGIC,
UGL,
UGP,
UGRO,
UHAL,
UHS,
UHT,
UI,
UIHC,
UIS,
UITB,
UIVM,
UJAN,
UJB,
UJUL,
UJUN,
UK,
UKOMW,
UL,
ULBI,
ULCC,
ULE,
ULH,
ULST,
ULTA,
ULTR,
ULVM,
UMAR,
UMAY,
UMBF,
UMC,
UMDD,
UMH,
UMH$C,
UMH$D,
UMI,
UMPQ,
UNAM,
UNB,
UNF,
UNFI,
UNG,
UNH,
UNIT,
UNL,
UNM,
UNMA,
UNOV,
UNP,
UNTY,
UNVR,
UOCT,
UONE,
UONEK,
UPC,
UPLD,
UPRO,
UPS,
UPST,
UPV,
UPW,
UPWK,
URA,
URBN,
URE,
URG,
URGN,
URI,
URNM,
UROY,
URTH,
URTY,
USA,
USAC,
USAI,
USAK,
USAP,
USAS,
USAU,
USB,
USB$A,
USB$H,
USB$M,
USB$P,
USB$Q,
USB$R,
USCI,
USCR,
USD,
USDP,
USDU,
USEG,
USEP,
USEQ,
USFD,
USFR,
USHY,
USI,
USIG,
USIO,
USL,
USLB,
USLM,
USM,
USMC,
USMF,
USML,
USMV,
USNA,
USO,
USOI,
USPH,
USRT,
USSG,
UST,
USTB,
USVM,
USWS,
USWSW,
USX,
USXF,
UTES,
UTF,
UTG,
UTHR,
UTI,
UTL,
UTMD,
UTME,
UTRN,
UTSI,
UTSL,
UTZ,
UUP,
UUU,
UUUU,
UUUU.W,
UVE,
UVSP,
UVV,
UVXY,
UWM,
UWMC,
UWMC.W,
UXI,
UXIN,
UYG,
UYM,
UZA,
UZC,
UZD,
UZE,
UZF,
V,
VABK,
VABS,
VAC,
VACC,
VACQ,
VACQU,
VACQW,
VAL,
VAL.W,
VALE,
VALN,
VALQ,
VALT,
VALU,
VAMO,
VAPO,
VAQC,
VAW,
VB,
VBF,
VBFC,
VBIV,
VBK,
VBLT,
VBND,
VBR,
VBTX,
VC,
VCAR,
VCEB,
VCEL,
VCF,
VCIF,
VCIT,
VCKA,
VCKAU,
VCKAW,
VCLO,
VCLT,
VCNX,
VCR,
VCRA,
VCSH,
VCTR,
VCV,
VCVC,
VCVCU,
VCVCW,
VCYT,
VDC,
VDE,
VEA,
VEC,
VECO,
VECT,
VEDL,
VEEV,
VEGA,
VEGI,
VEGN,
VEI,
VEL,
VELO,
VELOU,
VELOW,
VENA,
VENAR,
VENAU,
VENAW,
VEON,
VER,
VER$F,
VERA,
VERB,
VERBW,
VERI,
VERO,
VERU,
VERX,
VERY,
VET,
VETS,
VEU,
VFC,
VFF,
VFH,
VFIN,
VFL,
VFLQ,
VFMF,
VFMO,
VFMV,
VFQY,
VFVA,
VG,
VGAC,
VGAC.U,
VGAC.W,
VGI,
VGII,
VGII.U,
VGII.W,
VGIT,
VGK,
VGLT,
VGM,
VGR,
VGSH,
VGT,
VGZ,
VHAQ,
VHAQ.R,
VHAQ.U,
VHAQ.W,
VHC,
VHI,
VHT,
VIAC,
VIACA,
VIACP,
VIAO,
VIAV,
VICE,
VICI,
VICR,
VIDI,
VIEW,
VIEWW,
VIG,
VIGI,
VIH,
VIHAU,
VIHAW,
VII,
VIIAU,
VIIAW,
VINC,
VINO,
VINP,
VIOG,
VIOO,
VIOT,
VIOV,
VIPS,
VIR,
VIRC,
VIRI,
VIRS,
VIRT,
VIRX,
VIS,
VISL,
VIST,
VITL,
VIV,
VIVE,
VIVO,
VIXM,
VIXY,
VJET,
VKI,
VKQ,
VKTX,
VLATU,
VLDR,
VLDRW,
VLGEA,
VLO,
VLON,
VLRS,
VLT,
VLU,
VLUE,
VLY,
VLYPO,
VLYPP,
VMAC,
VMACU,
VMACW,
VMAR,
VMBS,
VMC,
VMD,
VMEO,
VMI,
VMM,
VMO,
VMOT,
VMW,
VNCE,
VNDA,
VNE,
VNET,
VNLA,
VNM,
VNMC,
VNO,
VNO$K,
VNO$L,
VNO$M,
VNO$N,
VNOM,
VNQ,
VNQI,
VNRX,
VNSE,
VNT,
VNTR,
VO,
VOC,
VOD,
VOE,
VOLT,
VONE,
VONG,
VONV,
VOO,
VOOG,
VOOV,
VOR,
VOSO,
VOSOU,
VOSOW,
VOT,
VOX,
VOXX,
VOYA,
VOYA$B,
VPC,
VPCB,
VPCBU,
VPCBW,
VPCC,
VPCC.U,
VPCC.W,
VPG,
VPL,
VPN,
VPOP,
VPU,
VPV,
VRA,
VRAI,
VRAY,
VRCA,
VRDN,
VREX,
VRIG,
VRM,
VRME,
VRMEW,
VRNA,
VRNS,
VRNT,
VRP,
VRPX,
VRRM,
VRS,
VRSK,
VRSN,
VRT,
VRTS,
VRTV,
VRTX,
VS,
VSAT,
VSDA,
VSEC,
VSGX,
VSH,
VSL,
VSLU,
VSMV,
VSS,
VSSYW,
VST,
VST.A,
VSTA,
VSTM,
VSTO,
VT,
VTA,
VTAQ,
VTAQR,
VTAQU,
VTAQW,
VTC,
VTEB,
VTGN,
VTHR,
VTI,
VTIP,
VTIQ,
VTIQU,
VTIQW,
VTN,
VTNR,
VTOL,
VTR,
VTRN,
VTRS,
VTRU,
VTSI,
VTV,
VTVT,
VTWG,
VTWO,
VTWV,
VUG,
VUSB,
VUSE,
VUZI,
VV,
VVI,
VVNT,
VVOS,
VVPR,
VVR,
VVV,
VWID,
VWO,
VWOB,
VWTR,
VXF,
VXRT,
VXUS,
VXX,
VXZ,
VYGG,
VYGG.U,
VYGG.W,
VYGR,
VYM,
VYMI,
VYNE,
VYNT,
VZ,
VZIO,
W,
WAB,
WABC,
WAFD,
WAFDP,
WAFU,
WAL,
WALA,
WALD,
WALDU,
WALDW,
WANT,
WARR,
WARR.U,
WARR.W,
WASH,
WAT,
WATT,
WB,
WBA,
WBIF,
WBIG,
WBII,
WBIL,
WBIT,
WBIY,
WBK,
WBND,
WBS,
WBS$F,
WBT,
WCBR,
WCC,
WCC$A,
WCLD,
WCN,
WD,
WDAY,
WDC,
WDFC,
WDH,
WDIV,
WEA,
WEAT,
WEBL,
WEBS,
WEC,
WEI,
WELL,
WEN,
WERN,
WES,
WETF,
WEX,
WEYS,
WF,
WFC,
WFC$A,
WFC$C,
WFC$L,
WFC$N,
WFC$O,
WFC$Q,
WFC$R,
WFC$X,
WFC$Y,
WFC$Z,
WFCF,
WFG,
WFH,
WFHY,
WFIG,
WFRD,
WGLD,
WGO,
WH,
WHD,
WHF,
WHFBZ,
WHG,
WHLM,
WHLR,
WHLRD,
WHLRP,
WHR,
WIA,
WIFI,
WIL,
WILC,
WIMI,
WINA,
WINC,
WING,
WINT,
WIP,
WIRE,
WISA,
WISH,
WIT,
WIW,
WIX,
WIZ,
WK,
WKEY,
WKHS,
WKLY,
WLDN,
WLDR,
WLFC,
WLK,
WLKP,
WLL,
WLMS,
WLTW,
WM,
WMB,
WMC,
WMG,
WMK,
WMPN,
WMS,
WMT,
WNC,
WNEB,
WNS,
WNW,
WOMN,
WOOD,
WOOF,
WOR,
WORK,
WORX,
WOW,
WPC,
WPCA,
WPCA.U,
WPCA.W,
WPCB,
WPCB.U,
WPCB.W,
WPF,
WPF.U,
WPF.W,
WPG,
WPG$H,
WPG$I,
WPM,
WPP,
WPRT,
WPS,
WRAP,
WRB,
WRB$E,
WRB$F,
WRB$G,
WRB$H,
WRE,
WRI,
WRK,
WRLD,
WRN,
WSBC,
WSBCP,
WSBF,
WSC,
WSFS,
WSM,
WSO,
WSO.B,
WSR,
WST,
WSTG,
WTBA,
WTER,
WTFC,
WTFCM,
WTFCP,
WTI,
WTM,
WTMF,
WTRE,
WTREP,
WTRG,
WTRH,
WTRU,
WTS,
WTT,
WTTR,
WU,
WUGI,
WVE,
WVFC,
WVVI,
WVVIP,
WW,
WWD,
WWE,
WWJD,
WWOW,
WWR,
WWW,
WY,
WYNN,
WYY,
X,
XAIR,
XAR,
XBAP,
XBI,
XBIO,
XBIOW,
XBIT,
XBUY,
XCEM,
XCUR,
XDAP,
XDAT,
XDIV,
XDQQ,
XDSQ,
XEC,
XEL,
XELA,
XELB,
XENE,
XENT,
XERS,
XES,
XFLT,
XFLT$A,
XFOR,
XGN,
XHB,
XHE,
XHR,
XHS,
XIN,
XITK,
XJH,
XJR,
XL,
XLB,
XLC,
XLE,
XLF,
XLG,
XLI,
XLK,
XLNX,
XLP,
XLRE,
XLRN,
XLSR,
XLU,
XLV,
XLY,
XM,
XME,
XMHQ,
XMLV,
XMMO,
XMPT,
XMVM,
XNCR,
XNET,
XNTK,
XOG,
XOM,
XOMA,
XOMAO,
XOMAP,
XONE,
XOP,
XOUT,
XP,
XPDI,
XPDIU,
XPDIW,
XPEL,
XPER,
XPEV,
XPH,
XPL,
XPO,
XPOA,
XPOA.U,
XPOA.W,
XPP,
XRAY,
XRLV,
XRT,
XRX,
XSD,
XSHD,
XSHQ,
XSLV,
XSMO,
XSOE,
XSPA,
XSVM,
XSW,
XT,
XTAP,
XTL,
XTLB,
XTN,
XTNT,
XVOL,
XVV,
XVZ,
XWEB,
XXII,
XYF,
XYL,
XYLD,
XYLG,
Y,
YAC,
YAC.U,
YAC.W,
YALA,
YANG,
YCBD,
YCBD$A,
YCL,
YCS,
YDEC,
YELL,
YELP,
YETI,
YEXT,
YGMZ,
YI,
YINN,
YJ,
YLD,
YLDE,
YMAB,
YMAR,
YMTX,
YNDX,
YOLO,
YORW,
YPF,
YPS,
YQ,
YRD,
YSAC,
YSACU,
YSACW,
YSG,
YTEN,
YTPG,
YTRA,
YUM,
YUMC,
YVR,
YXI,
YY,
YYY,
Z,
ZAZZT,
ZBH,
ZBRA,
ZBZX,
ZBZZT,
ZCMD,
ZCZZT,
ZDGE,
ZEAL,
ZEN,
ZEPP,
ZEUS,
ZEV,
ZEV.W,
ZEXIT,
ZG,
ZGNX,
ZGYH,
ZGYHR,
ZGYHU,
ZGYHW,
ZH,
ZI,
ZIEXT,
ZIG,
ZIM,
ZION,
ZIONL,
ZIONN,
ZIONO,
ZIONP,
ZIOP,
ZIP,
ZIVO,
ZIVOW,
ZIXI,
ZJZZT,
ZKIN,
ZLAB,
ZM,
ZNGA,
ZNH,
ZNTE,
ZNTEU,
ZNTEW,
ZNTL,
ZOM,
ZROZ,
ZS,
ZSAN,
ZSL,
ZTEST,
ZTO,
ZTR,
ZTS,
ZUMZ,
ZUO,
ZVO,
ZVV,
ZVZZC,
ZVZZT,
ZWRK,
ZWRKU,
ZWRKW,
ZWZZT,
ZXIET,
ZXYZ.A,
ZXZZT,
ZY,
ZYME,
ZYNE,
ZYXI,
